chrscaffold	realscaffname	windowstart	methdiff	disttofeature	featurename	LOC_ID	geneID	genename	PairwiseComp	nameforextraction
chr019942555.1	NW_019942555.1	320001	-5.91,-8.06,6.38,-9.14	27100	rna53264:gene33751	LOC112068329	GeneID:112068329	39S ribosomal protein L33, mitochondrial-like	50vs100,PI50vs100,PL100vs150,PL50vs100	LOC112068329
chr019943024.1	NW_019943024.1	212001	-5.71,-9.55,-10.44,-11.05	5270	gene36911	LOC112071389	GeneID:112071389	pseudo	50vs100,100vs150,PL50vs100,SB100vs150	LOC112071389
chr019943575.1	NW_019943575.1	17001	-6.43,-6.66,-5.18	4211	gene38925	LOC112073377	GeneID:112073377	pseudo	50vs100,PI50vs100,PL50vs100	LOC112073377
chr019943662.1	NW_019943662.1	46001	-16.46,7.37,-21.60,-9.83,-12.00	-10018	gene39240	LOC112073686	GeneID:112073686	pseudo	50vs100,100vs150,PI50vs100,PL50vs100,SB50vs100	LOC112073686
chr019943912.1	NW_019943912.1	70001	-5.38,-5.42,-7.44,-6.50	-5888	rna60652:XP_023997326.1:XP_023997326.1:gene39922	LOC112074366	GeneID:112074366	zinc finger protein 271-like	50vs100,150vs200,LB150vs200,PI50vs100	LOC112074366
chr019944000.1	NW_019944000.1	20001	-6.9	NA	NA			NA	50vs100	NW_019944000.1_20001
chr019944130.1	NW_019944130.1	70001	-6.38,-6.92	NA	NA			NA	50vs100,100vs150	NW_019944130.1_70001
chr019944970.1	NW_019944970.1	137001	-11.02,-5.06,6.14,-10.55,-7.38,-6.88,-10.50,-9.05	-570	rna62713	LOC112076326	GeneID:112076326	5.8S ribosomal RNA	50vs100,150vs200,LB100vs150,LB150vs200,LB50vs100,PI50vs100,PL50vs100,SB50vs100	LOC112076326
chr019944976.1	NW_019944976.1	57001	6.50,8.23	0	rna62731	transfer RNA valine (anticodon AAC)	GeneID:112076346	transfer RNA valine (anticodon AAC)	50vs100,SB50vs100	tRNA_valine_(anticodonAAC)
chr019946183.1	NW_019946183.1	13001	-6.66,-6.55,-8.64,-8.20,-9.52,-6.34	512	rna64149	LOC112077787	GeneID:112077787	U5 spliceosomal RNA	50vs100,100vs150,LB100vs150,LB50vs100,PL50vs100,SB50vs100	LOC112077787
chr019946645.1	NW_019946645.1	1001	-8.21,-9.48,-12.24,-8.28	5874	rna64545:gene43808	LOC112078193	GeneID:112078193	uncharacterized LOC112078193	50vs100,LB50vs100,PI50vs100,SB50vs100	LOC112078193
chr019942558.1	NW_019942558.1	810001	-7.43,-12.85	5283	rna53345:XP_023991282.1:gene33793	LOC111955876	GeneID:111955876	zinc finger protein 239	50vs100,PL50vs100	LOC111955876
chr019946655.1	NW_019946655.1	22001	-7.76,-5.94,-6.96,-8.91,-5.67,-9.44,-8.21,-6.78,-8.22	NA	NA			NA	50vs100,150vs200,LB150vs200,LB50vs100,PI150vs200,PI50vs100,PL150vs200,PL50vs100,SB50vs100	NW_019946655.1_22001
chr019946655.1	NW_019946655.1	41001	-8.78,-11.67,-11.72,-19.39	NA	NA			NA	50vs100,150vs200,PI50vs100,PL150vs200	NW_019946655.1_41001
chr019947147.1	NW_019947147.1	1	-6.48,-9.09,5.84,-13.52	0	rna64909	LOC112078566	GeneID:112078566	5.8S ribosomal RNA	50vs100,PI150vs200,PL100vs150,PL50vs100	LOC112078566
chr019947228.1	NW_019947228.1	1	-5.55,-8.85	NA	NA			NA	50vs100,PL50vs100	NW_019947228.1_1
chr019947337.1	NW_019947337.1	9001	8.36,13.54	NA	NA			NA	50vs100,PL50vs100	NW_019947337.1_9001
chr019947593.1	NW_019947593.1	10001	-10.97,-7.29,-10.49,-15.58,-10.08	NA	NA			NA	50vs100,100vs150,LB50vs100,PI50vs100,SB50vs100	NW_019947593.1_10001
chr019954972.1	NW_019954972.1	1	-5.24,-6.67	NA	NA			NA	50vs100,SB50vs100	NW_019954972.1_1
chr019957531.1	NW_019957531.1	680001	-27.08,-18.03,-20.16,-36.46	283	rna66785:gene46061	LOC112080403	GeneID:112080403	histone H3-like	50vs100,LB50vs100,PI50vs100,PL50vs100	LOC112080403
chr019957535.1	NW_019957535.1	1308001	-8.16	-59866	rna66880:XP_024002015.1:XP_024002015.1:gene46120	LOC112080462	GeneID:112080462	uncharacterized LOC112080462	50vs100	LOC112080462
chr019957589.1	NW_019957589.1	239001	-11.30,-8.76,-5.64,-12.68,-9.47,-11.64,-13.16,-12.61	17280	rna67215:XP_024002314.1:XP_024002314.1:XP_024002314.1:XP_024002314.1:XP_024002314.1:gene46375	LOC112080706	GeneID:112080706	dnaJ homolog subfamily C member 15-like	50vs100,100vs150,LB100vs150,LB50vs100,PI100vs150,PL50vs100,SB100vs150,SB50vs100	LOC112080706
chr019942632.1	NW_019942632.1	379001	-7.98	4488	rna54240:XP_023992057.1:XP_023992057.1:XP_023992057.1:XP_023992057.1:XP_023992057.1:gene34475	LOC112069034	GeneID:112069034	metabotropic glutamate receptor 7-like	50vs100	LOC112069034
chr019957680.1	NW_019957680.1	51001	5.51	664	rna67658:gene46671	LOC112080981	GeneID:112080981	metastasis-associated protein MTA3-like	50vs100	LOC112080981
chr019957703.1	NW_019957703.1	66001	-6.20,-6.66,-6.96,-9.49,-7.56	-7321	rna67736:XP_024002762.1:XP_024002762.1:XP_024002762.1:XP_024002762.1:XP_024002762.1:XP_024002762.1:XP_024002762.1:XP_024002762.1:XP_024002762.1:XP_024002762.1:XP_024002762.1:XP_024002762.1:XP_024002762.1:XP_024002762.1:XP_024002762.1:gene46727	LOC112081032	GeneID:112081032	kinesin light chain 1-like	50vs100,150vs200,PI150vs200,PL50vs100,SB150vs200	LOC112081032
chr036838.1	NC_036838.1	19998001	11.76,21.23	-4654	rna572:XP_023840959.1:XP_023840959.1:XP_023840959.1:XP_023840959.1:XP_023840959.1:XP_023840959.1:gene422	LOC111962247	GeneID:111962247	keratin, type I cytoskeletal 18	50vs100,PL50vs100	LOC111962247
chr036838.1	NC_036838.1	27806001	-7.56,-9.94,6.44,-9.11,6.47,-12.19	-3512	gene608	LOC111963368	GeneID:111963368	sodium- and chloride-dependent GABA transporter 2-like	50vs100,LB50vs100,PI100vs150,PI50vs100,PL100vs150,PL50vs100	LOC111963368
chr036839.1	NC_036839.1	9822001	10.01	4994	rna2268:XP_023857501.1:XP_023857501.1:XP_023857501.1:XP_023857501.1:XP_023857501.1:XP_023857501.1:XP_023857501.1:XP_023857501.1:XP_023857501.1:XP_023857501.1:XP_023857501.1:XP_023857501.1:XP_023857501.1:XP_023857501.1:XP_023857501.1:XP_023857501.1:XP_023857501.1:XP_023857501.1:XP_023857501.1:XP_023857501.1:XP_023857501.1:XP_023857501.1:XP_023857501.1:XP_023857501.1:XP_023857501.1:XP_023857501.1:XP_023857501.1:XP_023857501.1:XP_023857501.1:XP_023857501.1:XP_023857501.1:XP_023857501.1:XP_023857501.1:XP_023857501.1:XP_023857501.1:XP_023857501.1:XP_023857501.1:XP_023857501.1:XP_023857501.1:XP_023857501.1:XP_023857501.1:XP_023857501.1:XP_023857501.1:XP_023857501.1:XP_023857501.1:XP_023857501.1:XP_023857501.1:XP_023857501.1:XP_023857501.1:XP_023857501.1:XP_023857501.1:gene1439	LOC111974119	GeneID:111974119	kalirin	50vs100	LOC111974119
chr036839.1	NC_036839.1	32818001	-7.77	40975	gene1875	LOC111971565	GeneID:111971565	pseudo	50vs100	LOC111971565
chr036839.1	NC_036839.1	32819001	-8.34,-6.50,7.62	41975	gene1875	LOC111971565	GeneID:111971565	pseudo	50vs100,150vs200,PL100vs150	LOC111971565
chr036842.1	NC_036842.1	28823001	6.36	-24269	rna6841:XP_023840081.1:XP_023840081.1:XP_023840081.1:gene4375	LOC111961790	GeneID:111961790	electrogenic sodium bicarbonate cotransporter 4-like	50vs100	LOC111961790
chr036842.1	NC_036842.1	62932001	-6.02,-8.80,-5.04	-18186	rna7983:XP_023841129.1:XP_023841129.1:XP_023841129.1:XP_023841129.1:XP_023841129.1:XP_023841129.1:XP_023841129.1:gene5037	LOC111962341	GeneID:111962341	cadherin-13	50vs100,PI50vs100,SB50vs100	LOC111962341
chr036842.1	NC_036842.1	70796001	-8.64,-11.09	-4926	rna8236:XP_023841357.1:XP_023841357.1:XP_023841357.1:XP_023841357.1:XP_023841357.1:gene5195	LOC111962476	GeneID:111962476	guanine nucleotide-binding protein G(i) subunit alpha-1-like	50vs100,100vs150	LOC111962476
chr019942669.1	NW_019942669.1	9001	-5.28	-102708	rna54624:gene34758	LOC112069314	GeneID:112069314	spermatid perinuclear RNA-binding protein-like	50vs100	LOC112069314
chr036842.1	NC_036842.1	79753001	-8.14,-7.96	14865	rna8454:XP_023841539.1:XP_023841539.1:XP_023841539.1:XP_023841539.1:XP_023841539.1:XP_023841539.1:XP_023841539.1:XP_023841539.1:XP_023841539.1:gene5349	LOC111962594	GeneID:111962594	rho guanine nucleotide exchange factor 11	50vs100,PI50vs100	LOC111962594
chr036843.1	NC_036843.1	17207001	9.62,10.17	-74101	rna9428:XP_023842602.1:gene5960	lg4q.2h14orf132	GeneID:111963414	C14orf132 homolog	50vs100,PI50vs100	lg4q.2h14orf132
chr036848.1	NC_036848.1	33059001	6.38	-627	rna15558:XP_023848862.1:XP_023848862.1:XP_023848862.1:XP_023848862.1:XP_023848862.1:XP_023848862.1:XP_023848862.1:XP_023848862.1:XP_023848862.1:XP_023848862.1:gene9961	LOC111967759	GeneID:111967759	probable E3 ubiquitin-protein ligase HECTD2	50vs100	LOC111967759
chr036849.1	NC_036849.1	11733001	-21.12,-12.19,-7.90,-24.71,-21.06,-13.68,-21.66,-16.15,-20.18	30426	rna16649:XP_023850747.1:gene10650	LOC111968993	GeneID:111968993	uncharacterized protein C14orf132-like	50vs100,100vs150,LB100vs150,LB50vs100,PI50vs100,PL100vs150,PL50vs100,SB100vs150,SB50vs100	LOC111968993
chr036850.1	NC_036850.1	3939001	-15.55,-17.99,-15.90	3475	rna17486:XP_023851498.1:gene11174	LOC111969554	GeneID:111969554	uncharacterized protein C2orf71	50vs100,PI50vs100,PL50vs100	LOC111969554
chr036851.1	NC_036851.1	2219001	-6.61,8.07,-10.61,6.80	-22824	rna18214:XP_023851580.1:gene11659	abra	GeneID:111969656	actin binding Rho activating protein	50vs100,PI100vs150,PI50vs100,PL100vs150	abra
chr036853.1	NC_036853.1	20819001	-21.59,-13.88,-5.33,-14.58,-19.76,-22.04,-15.85,-11.06,-23.95	11447	rna21062	LOC111971876	GeneID:111971876	uncharacterized LOC111971876	50vs100,100vs150,150vs200,LB100vs150,LB50vs100,PI50vs100,PL50vs100,SB100vs150,SB50vs100	LOC111971876
chr036853.1	NC_036853.1	50964001	-8.69,-5.03,-11.52	0	rna21926:gene14122	LOC111971647	GeneID:111971647	histone H3-like	50vs100,LB100vs150,PL50vs100	LOC111971647
chr036853.1	NC_036853.1	50965001	-13.13,-7.65,-12.36,-10.17,-18.17	0	rna21927:gene14123	LOC111971648	GeneID:111971648	histone H2A-like	50vs100,100vs150,LB50vs100,PI50vs100,PL50vs100	LOC111971648
chr036853.1	NC_036853.1	50966001	-8.19,-13.83	0	rna21928:gene14124	LOC111971885	GeneID:111971885	histone H1	50vs100,PL50vs100	LOC111971885
chr019942675.1	NW_019942675.1	94001	-5.04,-5.66,-7.33	-385	rna54649	transfer RNA proline (anticodon UGG)	GeneID:112069344	transfer RNA proline (anticodon UGG)	50vs100,LB50vs100,PI50vs100	tRNA_proline_(anticodonUGG)
chr036853.1	NC_036853.1	50967001	-8.05,-6.40,-8.80	149	rna21929:gene14125	LOC111971649	GeneID:111971649	histone H2B	50vs100,100vs150,PL50vs100	LOC111971649
chr036853.1	NC_036853.1	50968001	-26.37,-28.83,-12.55,-18.15,-34.27,-30.69	0	rna21929:gene14125	LOC111971649	GeneID:111971649	histone H2B	50vs100,LB50vs100,PI150vs200,PI50vs100,PL50vs100,SB50vs100	LOC111971649
chr036854.1	NC_036854.1	23549001	-5.04,-8.44	4300	rna22716	LOC111972726	GeneID:111972726	uncharacterized LOC111972726	50vs100,PL50vs100	LOC111972726
chr036854.1	NC_036854.1	36694001	-8.92,-6.51,-9.83,-9.58	-21296	rna23143:XP_023855879.1:XP_023855879.1:XP_023855879.1:XP_023855879.1:gene14960	ntng1	GeneID:111972995	netrin G1	50vs100,100vs150,LB50vs100,PL50vs100	ntng1
chr036855.1	NC_036855.1	9200001	-6.97,-10.37	28046	rna23685:XP_023858292.1:XP_023858292.1:XP_023858292.1:XP_023858292.1:gene15314	LOC111974640	GeneID:111974640	uncharacterized LOC111974640	50vs100,PL50vs100	LOC111974640
chr036855.1	NC_036855.1	12513001	11.94,12.22,13.68,9.43	-2922	rna23854	LOC111974125	GeneID:111974125	Krueppel-like factor 9	50vs100,PI50vs100,PL50vs100,SB50vs100	LOC111974125
chr036857.1	NC_036857.1	37116001	-6.83,-15.05	1611	rna28913	LOC111976586	GeneID:111976586	uncharacterized LOC111976586	50vs100,PI50vs100	LOC111976586
chr036857.1	NC_036857.1	39102001	-9.33,7.48,7.98,-12.49,13.79,-13.75	9729	rna28974:XP_023860894.1:XP_023860894.1:gene18472	LOC111976345	GeneID:111976345	pro-neuregulin-3, membrane-bound isoform-like	50vs100,100vs150,PI100vs150,PI50vs100,PL100vs150,PL50vs100	LOC111976345
chr036857.1	NC_036857.1	39239001	-6.78,-8.94,-6.50,5.67,-9.08	19325	rna28989:XP_023862195.1:gene18482	LOC111977116	GeneID:111977116	uncharacterized LOC111977116	50vs100,LB150vs200,PI50vs100,PL100vs150,PL50vs100	LOC111977116
chr036857.1	NC_036857.1	41767001	-5.13,-7.82	0	rna29043	LOC111977305	GeneID:111977305	U1 spliceosomal RNA	50vs100,PI50vs100	LOC111977305
chr019942721.1	NW_019942721.1	303001	-5.38,5.23	-2435	rna55147:XP_023992829.1:XP_023992829.1:XP_023992829.1:XP_023992829.1:XP_023992829.1:XP_023992829.1:XP_023992829.1:XP_023992829.1:XP_023992829.1:XP_023992829.1:XP_023992829.1:XP_023992829.1:XP_023992829.1:XP_023992829.1:XP_023992829.1:XP_023992829.1:XP_023992829.1:XP_023992829.1:gene35167	LOC112069694	GeneID:112069694	DENN domain-containing protein 2A-like	50vs100,100vs150	LOC112069694
chr036858.1	NC_036858.1	9989001	-13.28,-9.38,11.08,-14.87,13.93,-15.97	-5516	rna29406:XP_023863239.1:XP_023863239.1:XP_023863239.1:XP_023863239.1:XP_023863239.1:XP_023863239.1:XP_023863239.1:XP_023863239.1:XP_023863239.1:gene18742	LOC111977797	GeneID:111977797	thyroid hormone receptor alpha	50vs100,LB50vs100,PI100vs150,PI50vs100,PL100vs150,PL50vs100	LOC111977797
chr036859.1	NC_036859.1	7264001	-5.58,-7.89	-3563	rna31621:XP_023864877.1:XP_023864877.1:XP_023864877.1:XP_023864877.1:XP_023864877.1:XP_023864877.1:gene20050	LOC111978873	GeneID:111978873	semaphorin-6B-like	50vs100,PL50vs100	LOC111978873
chr036859.1	NC_036859.1	34108001	-5.41,-8.92	6978	rna32696:gene20717	cdc73	GeneID:111979115	cell division cycle 73	50vs100,PL50vs100	cdc73
chr036860.1	NC_036860.1	23039001	-5.43	-2163	rna33837:gene21524	LOC111980376	GeneID:111980376	AF4/FMR2 family member 4	50vs100	LOC111980376
chr036861.1	NC_036861.1	1515001	6.27,6.69,7.75,6.70,8.45	2442	rna36137:gene22946	LOC111982472	GeneID:111982472	uncharacterized LOC111982472	50vs100,LB50vs100,PI50vs100,PL50vs100,SB50vs100	LOC111982472
chr036862.1	NC_036862.1	4725001	-10.15,-5.85,-10.08,-8.71,-15.14,-7.77	-64463	rna36545:gene23231	LOC111949699	GeneID:111949699	glutamate receptor ionotropic, kainate 4-like	50vs100,100vs150,LB50vs100,PI50vs100,PL50vs100,SB50vs100	LOC111949699
chr036869.1	NC_036869.1	24753001	-6.11,-8.23,-7.84	-2878	rna45751:gene28889	LOC111955200	GeneID:111955200	protein S100-A1-like	50vs100,PI50vs100,PL50vs100	LOC111955200
chr036870.1	NC_036870.1	23024001	-5.03,-5.54,-7.75,-7.46,-5.24,-5.85	555504	rna46679:XP_023831590.1:XP_023831590.1:XP_023831590.1:XP_023831590.1:gene29500	LOC111955604	GeneID:111955604	trafficking protein particle complex subunit 3	50vs100,150vs200,LB150vs200,LB50vs100,PL100vs150,PL50vs100	LOC111955604
chr036872.1	NC_036872.1	11006001	-9.35,-6.38,-7.92,-11.73	-116962	rna48674:gene30774	LOC111958098	GeneID:111958098	RING finger and CHY zinc finger domain-containing protein 1	50vs100,100vs150,LB50vs100,PI50vs100	LOC111958098
chr036872.1	NC_036872.1	11007001	-7.61,-7.67,-7.72,-7.14,-8.55	-115962	rna48674:gene30774	LOC111958098	GeneID:111958098	RING finger and CHY zinc finger domain-containing protein 1	50vs100,100vs150,LB50vs100,PL50vs100,SB100vs150	LOC111958098
chr019942747.1	NW_019942747.1	312001	6.12	69075	rna55357:XP_023993007.1:XP_023993007.1:XP_023993007.1:XP_023993007.1:XP_023993007.1:XP_023993007.1:XP_023993007.1:XP_023993007.1:XP_023993007.1:XP_023993007.1:XP_023993007.1:XP_023993007.1:XP_023993007.1:XP_023993007.1:XP_023993007.1:gene35331	LOC112069857	GeneID:112069857	SRSF protein kinase 1-like	50vs100	LOC112069857
chr036875.1	NC_036875.1	8308001	-13.21,9.96,11.99,-11.90,13.04,-16.62	-29855	rna51063:gene32340	LOC111959875	GeneID:111959875	twist-related protein 2	50vs100,100vs150,PI100vs150,PI50vs100,PL100vs150,PL50vs100	LOC111959875
chr036876.1	NC_036876.1	19536001	-12.52,7.23,-9.39,10.54,-12.51,9.55,-18.22	-8058	rna52695:XP_023837724.1:XP_023837724.1:XP_023837724.1:XP_023837724.1:XP_023837724.1:XP_023837724.1:XP_023837724.1:XP_023837724.1:XP_023837724.1:XP_023837724.1:XP_023837724.1:XP_023837724.1:XP_023837724.1:XP_023837724.1:XP_023837724.1:XP_023837724.1:XP_023837724.1:XP_023837724.1:XP_023837724.1:XP_023837724.1:XP_023837724.1:XP_023837724.1:XP_023837724.1:XP_023837724.1:XP_023837724.1:XP_023837724.1:XP_023837724.1:XP_023837724.1:XP_023837724.1:XP_023837724.1:XP_023837724.1:XP_023837724.1:XP_023837724.1:XP_023837724.1:XP_023837724.1:gene33376	col25a1	GeneID:111960057	collagen type XXV alpha 1 chain	50vs100,100vs150,LB50vs100,PI100vs150,PI50vs100,PL100vs150,PL50vs100	col25a1
chr019942872.1	NW_019942872.1	253001	-6.05,-7.07,5.14	0	rna56354	transfer RNA isoleucine (anticodon AAU)	GeneID:112070648	transfer RNA isoleucine (anticodon AAU)	50vs100,PI50vs100,PL100vs150	tRNA_isoleucine_(anticodonAAU)
chr019942874.1	NW_019942874.1	212001	-6.75	19188	rna56371	LOC112070662	GeneID:112070662	uncharacterized LOC112070662	50vs100	LOC112070662
chr019942514.1	NW_019942514.1	2792001	-12.49,-18.95,-13.52,-13.10	7267	rna52874:gene33493	LOC112068083	GeneID:112068083	platelet-activating factor receptor-like	100vs150,PI100vs150,PL100vs150,SB100vs150	LOC112068083
chr019945774.1	NW_019945774.1	54001	-5.22,-8.49	14929	rna63733:XP_023999670.1:XP_023999670.1:gene42988	LOC112077381	GeneID:112077381	PHD finger protein 3-like	100vs150,SB100vs150	LOC112077381
chr019946655.1	NW_019946655.1	25001	12.23	NA	NA			NA	100vs150	NW_019946655.1_25001
chr019946715.1	NW_019946715.1	10001	-5.07,-8.77,-10.63	NA	NA			NA	100vs150,LB50vs100,SB100vs150	NW_019946715.1_10001
chr019947652.1	NW_019947652.1	31001	-5.77	NA	NA			NA	100vs150	NW_019947652.1_31001
chr019951255.1	NW_019951255.1	5001	-5.57,5.48	4455	rna66198:gene45512	LOC112079873	GeneID:112079873	uncharacterized LOC112079873	100vs150,150vs200	LOC112079873
chr036840.1	NC_036840.1	6590001	10.57,9.56,11.81	-1014	rna3652:XP_023822905.1:XP_023822905.1:XP_023822905.1:XP_023822905.1:XP_023822905.1:XP_023822905.1:XP_023822905.1:gene2359	fbh1	F-box DNA helicase 1	F-box DNA helicase 1	100vs150,LB100vs150,LB50vs100	fbh1
chr036842.1	NC_036842.1	2068001	-8.32	0	rna5796	LOC111961235	GeneID:111961235	uncharacterized LOC111961235	100vs150	LOC111961235
chr036851.1	NC_036851.1	30569001	-6.47	8938	rna19157:gene12223	LOC111970155	GeneID:111970155	sorting nexin-6	100vs150	LOC111970155
chr036857.1	NC_036857.1	11106001	5.88	-349890	rna27705:gene17758	LOC111976454	GeneID:111976454	TLD domain-containing protein 2-like	100vs150	LOC111976454
chr036857.1	NC_036857.1	29657001	-6.70,-6.55	-3034	rna28685:XP_023860774.1:XP_023860774.1:XP_023860774.1:XP_023860774.1:gene18292	LOC111976241	GeneID:111976241	vasopressin V2 receptor	100vs150,PL100vs150	LOC111976241
chr019942929.1	NW_019942929.1	52001	-10.65	0	gene36473	LOC112070958	GeneID:112070958	pseudo	100vs150	LOC112070958
chr036860.1	NC_036860.1	332001	-5.78	2507	rna32862	LOC111980429	GeneID:111980429	uncharacterized LOC111980429	100vs150	LOC111980429
chr036866.1	NC_036866.1	35656001	-5.29	5727	rna42053:XP_023827158.1:gene26656	LOC111952570	GeneID:111952570	ankyrin repeat and BTB/POZ domain-containing protein BTBD11-B	100vs150	LOC111952570
chr036868.1	NC_036868.1	4731001	-9.12,-14.63,-8.56	2078	rna43874:XP_023829328.1:XP_023829328.1:XP_023829328.1:gene27748	LOC111954061	GeneID:111954061	doublecortin domain-containing protein 2-like	100vs150,LB100vs150,PL100vs150	LOC111954061
chr036872.1	NC_036872.1	723001	-7.65,-8.81,-10.68	11931	gene30607	LOC111958069	GeneID:111958069	pseudo	100vs150,PI50vs100,PL50vs100	LOC111958069
chr036872.1	NC_036872.1	19702001	-7.38	-7141	rna49127	LOC112067915	GeneID:112067915	uncharacterized LOC112067915	100vs150	LOC112067915
chr036872.1	NC_036872.1	22840001	-7.74,-10.64,-9.77	42640	gene31123	LOC111958168	GeneID:111958168	pseudo	100vs150,PI100vs150,SB100vs150	LOC111958168
chr019942929.1	NW_019942929.1	53001	-19.81	166	gene36473	LOC112070958	GeneID:112070958	pseudo	100vs150	LOC112070958
chr036875.1	NC_036875.1	26638001	-7.56	-27695	rna51726:gene32725	LOC111959246	GeneID:111959246	gamma-crystallin M2	100vs150	LOC111959246
chr036876.1	NC_036876.1	18483001	-6.41,-5.36	-13578	rna52674	LOC111960330	GeneID:111960330	uncharacterized LOC111960330	100vs150,PL100vs150	LOC111960330
chr019944236.1	NW_019944236.1	38001	-5.21,-8.15	2586	rna61355:XP_023997841.1:gene40591	LOC112075022	GeneID:112075022	homeodomain-interacting protein kinase 3-like	100vs150,150vs200	LOC112075022
chr019944672.1	NW_019944672.1	68001	-7.60,-10.92,-6.73,-6.76	NA	NA			NA	100vs150,LB100vs150,PI50vs100,SB50vs100	NW_019944672.1_68001
chr019942669.1	NW_019942669.1	7001	-7.37,-8.59	-104708	rna54624:gene34758	LOC112069314	GeneID:112069314	spermatid perinuclear RNA-binding protein-like	150vs200,PL150vs200	LOC112069314
chr019944564.1	NW_019944564.1	30001	-5.51	848	rna61982:XP_023998351.1:gene41197	LOC112075615	GeneID:112075615	ribose-5-phosphate isomerase-like	150vs200	LOC112075615
chr019946656.1	NW_019946656.1	33001	-7.56	-7566	rna64558	LOC112078211	GeneID:112078211	uncharacterized LOC112078211	150vs200	LOC112078211
chr019952633.1	NW_019952633.1	1	-9.64,-19.39	NA	NA			NA	150vs200,LB50vs100	NW_019952633.1_1
chr019952667.1	NW_019952667.1	2001	6.74	NA	NA			NA	150vs200	NW_019952667.1_2001
chr019942747.1	NW_019942747.1	325001	-12.46,-14.73,-5.13,-14.02	82075	rna55357:XP_023993007.1:XP_023993007.1:XP_023993007.1:XP_023993007.1:XP_023993007.1:XP_023993007.1:XP_023993007.1:XP_023993007.1:XP_023993007.1:XP_023993007.1:XP_023993007.1:XP_023993007.1:XP_023993007.1:XP_023993007.1:XP_023993007.1:gene35331	LOC112069857	GeneID:112069857	SRSF protein kinase 1-like	150vs200,LB150vs200,PI50vs100,PL150vs200	LOC112069857
chr019957703.1	NW_019957703.1	67001	-7.61,-7.03	-8321	rna67736:XP_024002762.1:XP_024002762.1:XP_024002762.1:XP_024002762.1:XP_024002762.1:XP_024002762.1:XP_024002762.1:XP_024002762.1:XP_024002762.1:XP_024002762.1:XP_024002762.1:XP_024002762.1:XP_024002762.1:XP_024002762.1:XP_024002762.1:gene46727	LOC112081032	GeneID:112081032	kinesin light chain 1-like	150vs200,PL150vs200	LOC112081032
chr036838.1	NC_036838.1	53256001	-10.57,-11.48	-2346	rna1883:gene1195	LOC111969907	GeneID:111969907	Kazrin-like	150vs200,SB100vs150	LOC111969907
chr036840.1	NC_036840.1	18559001	11.49,-22.40,20.69	-146345	rna4019:gene2583	LOC111956268	GeneID:111956268	5-hydroxytryptamine receptor 2C-like	150vs200,PI50vs100,PL150vs200	LOC111956268
chr036845.1	NC_036845.1	594001	-7.33	355	rna11100:gene7103	LOC111964824	GeneID:111964824	nuclear factor 7, brain	150vs200	LOC111964824
chr036847.1	NC_036847.1	19050001	-6.26,8.09	44629	rna13815:XP_023847061.1:XP_023847061.1:XP_023847061.1:XP_023847061.1:XP_023847061.1:gene8852	ajap1	GeneID:111966552	adherens junctions associated protein 1	150vs200,PI100vs150	ajap1
chr036847.1	NC_036847.1	19693001	-5.57	-352	gene8860	LOC111966937	GeneID:111966937	pseudo	150vs200	LOC111966937
chr036850.1	NC_036850.1	6286001	-6.13,-5.71	40959	rna17528:XP_023850937.1:XP_023850937.1:XP_023850937.1:XP_023850937.1:XP_023850937.1:XP_023850937.1:XP_023850937.1:XP_023850937.1:XP_023850937.1:XP_023850937.1:XP_023850937.1:gene11200	LOC111969208	GeneID:111969208	leucine zipper protein 2-like	150vs200,LB100vs150	LOC111969208
chr036855.1	NC_036855.1	35528001	-9.51,-12.12,-22.20	-40426	rna24898:XP_023859203.1:gene16028	efna5	GeneID:111975205	ephrin A5	150vs200,LB100vs150,PL50vs100	efna5
chr019942925.1	NW_019942925.1	128001	9.98	-724	rna56736	LOC112070949	GeneID:112070949	5.8S ribosomal RNA	150vs200	LOC112070949
chr036856.1	NC_036856.1	13543001	-15.29,-16.82,-25.43	2986	rna26392:XP_023859275.1:gene16925	LOC111975301	GeneID:111975301	midnolin	150vs200,LB100vs150,PL150vs200	LOC111975301
chr036858.1	NC_036858.1	1084001	-5.72,-9.67,-11.01	5419	rna29073:gene18545	LOC111977496	GeneID:111977496	Extensin-like	150vs200,LB150vs200,PL150vs200	LOC111977496
chr036874.1	NC_036874.1	3430001	-7.57,-7.73	-29643	rna50229:XP_023835658.1:XP_023835658.1:XP_023835658.1:XP_023835658.1:gene31794	zfpm2	GeneID:111958628	zinc finger protein ZFPM2	150vs200,SB100vs150	zfpm2
chr019943090.1	NW_019943090.1	105001	-5.11,-12.47	28236	rna57666:XP_023994924.1:XP_023994924.1:XP_023994924.1:gene37244	LOC112071715	GeneID:112071715	myoD family inhibitor-like	150vs200,LB150vs200	LOC112071715
chr019943193.1	NW_019943193.1	14001	-9.31	-11170	rna58104:gene37623	LOC112072088	GeneID:112072088	caprin-1-like	150vs200	LOC112072088
chr019943197.1	NW_019943197.1	14001	-5.47	-1581	rna58131	LOC112072110	GeneID:112072110	uncharacterized LOC112072110	150vs200	LOC112072110
chr019943382.1	NW_019943382.1	17001	-7.76,-6.50	-13609	rna58905	LOC112072777	GeneID:112072777	uncharacterized LOC112072777	150vs200,LB50vs100	LOC112072777
chr019943695.1	NW_019943695.1	153001	-5.53,-17.59	-35617	gene39357	LOC112073800	GeneID:112073800	pseudo	150vs200,SB50vs100	LOC112073800
chr019943246.1	NW_019943246.1	232001	-14.65	-39672	rna58349	LOC112072302	GeneID:112072302	uncharacterized LOC112072302	LB100vs150	LOC112072302
chr036838.1	NC_036838.1	52339001	-19.84	6424	rna1853:XP_023851672.1:gene1178	LOC111969707	GeneID:111969707	ras association domain-containing protein 5	LB100vs150	LOC111969707
chr036843.1	NC_036843.1	5281001	-5.76	-234617	rna8978:gene5678	LOC111963166	GeneID:111963166	ephrin type-B receptor 3-like	LB100vs150	LOC111963166
chr036843.1	NC_036843.1	13605001	-5.28	0	rna9311:XP_023842490.1:XP_023842490.1:XP_023842490.1:gene5883	LOC111963351	GeneID:111963351	BTB/POZ domain-containing protein 6-B-like	LB100vs150	LOC111963351
chr036845.1	NC_036845.1	19089001	-23.53	-46598	rna11904:gene7661	LOC111964695	GeneID:111964695	uncharacterized LOC111964695	LB100vs150	LOC111964695
chr036847.1	NC_036847.1	20588001	-9.87	-3499	rna13834:XP_023847078.1:XP_023847078.1:XP_023847078.1:XP_023847078.1:XP_023847078.1:XP_023847078.1:XP_023847078.1:XP_023847078.1:XP_023847078.1:XP_023847078.1:XP_023847078.1:XP_023847078.1:gene8867	LOC111966564	GeneID:111966564	calcitonin gene-related peptide type 1 receptor	LB100vs150	LOC111966564
chr036848.1	NC_036848.1	15393001	-9.86	-35675	rna15046:gene9672	LOC111967519	GeneID:111967519	probable carboxypeptidase X1	LB100vs150	LOC111967519
chr036849.1	NC_036849.1	26384001	-12.76	4396	rna17267:gene11015	LOC111968882	GeneID:111968882	Prepronociceptin-like	LB100vs150	LOC111968882
chr036850.1	NC_036850.1	16335001	-19.95	-2193	rna17883:XP_023851244.1:XP_023851244.1:XP_023851244.1:XP_023851244.1:XP_023851244.1:XP_023851244.1:XP_023851244.1:XP_023851244.1:XP_023851244.1:XP_023851244.1:gene11418	rnf111	GeneID:111969381	ring finger protein 111	LB100vs150	rnf111
chr036852.1	NC_036852.1	11425001	-14.26	-67587	rna20256:XP_023853613.1:XP_023853613.1:XP_023853613.1:gene12959	LOC111971036	GeneID:111971036	uncharacterized LOC111971036	LB100vs150	LOC111971036
chr036854.1	NC_036854.1	43786001	-12.46	12046	rna23305:gene15059	LOC111973108	GeneID:111973108	zinc finger protein 438	LB100vs150	LOC111973108
chr036855.1	NC_036855.1	49658001	-13.38	-13997	rna25251:XP_023857774.1:XP_023857774.1:XP_023857774.1:XP_023857774.1:XP_023857774.1:XP_023857774.1:XP_023857774.1:XP_023857774.1:XP_023857774.1:XP_023857774.1:XP_023857774.1:XP_023857774.1:XP_023857774.1:XP_023857774.1:XP_023857774.1:XP_023857774.1:XP_023857774.1:XP_023857774.1:XP_023857774.1:XP_023857774.1:XP_023857774.1:XP_023857774.1:XP_023857774.1:XP_023857774.1:XP_023857774.1:XP_023857774.1:XP_023857774.1:XP_023857774.1:XP_023857774.1:XP_023857774.1:XP_023857774.1:XP_023857774.1:XP_023857774.1:XP_023857774.1:XP_023857774.1:XP_023857774.1:XP_023857774.1:XP_023857774.1:gene16225	LOC111974302	GeneID:111974302	neuron navigator 2-like	LB100vs150	LOC111974302
chr036856.1	NC_036856.1	8582001	-25.49,-21.61	27049	rna26113	LOC111975447	GeneID:111975447	uncharacterized LOC111975447	LB100vs150,PL100vs150	LOC111975447
chr019944696.1	NW_019944696.1	9001	-16.25,-50.92,-13.16	39263	rna62185:gene41402	LOC112075818	GeneID:112075818	BCL-6 corepressor-like	LB100vs150,LB50vs100,SB100vs150	LOC112075818
chr036857.1	NC_036857.1	17813001	-15.5	0	rna28055:XP_023862125.1:XP_023862125.1:XP_023862125.1:XP_023862125.1:XP_023862125.1:XP_023862125.1:gene17950	nphp4	GeneID:111977073	Nephrocystin 4	LB100vs150	nphp4
chr036858.1	NC_036858.1	15194001	-11.25	-310	rna29720:gene18927	plekha4	GeneID:111977371	pleckstrin homology domain containing A4	LB100vs150	plekha4
chr036860.1	NC_036860.1	7897001	-23.72	0	rna33290:XP_023869149.1:XP_023869149.1:XP_023869149.1:XP_023869149.1:XP_023869149.1:XP_023869149.1:XP_023869149.1:XP_023869149.1:XP_023869149.1:XP_023869149.1:XP_023869149.1:XP_023869149.1:XP_023869149.1:XP_023869149.1:XP_023869149.1:XP_023869149.1:XP_023869149.1:gene21135	LOC111981890	GeneID:111981890	MAGUK p55 subfamily member 3	LB100vs150	LOC111981890
chr036860.1	NC_036860.1	26515001	-16.34	-7371	rna33929:gene21567	LOC111980729	GeneID:111980729	disks large homolog 2-like	LB100vs150	LOC111980729
chr036860.1	NC_036860.1	32711001	-5.07,-6.30,-5.10,-5.62	6043	rna34128:XP_023869239.1:gene21664	LOC111981966	GeneID:111981966	opioid-binding protein/cell adhesion molecule-like	LB100vs150,PI50vs100,PL50vs100,SB100vs150	LOC111981966
chr036862.1	NC_036862.1	6747001	-10.83	68528	rna36625:XP_023822735.1:XP_023822735.1:XP_023822735.1:XP_023822735.1:XP_023822735.1:XP_023822735.1:XP_023822735.1:gene23286	LOC111949633	GeneID:111949633	rho GTPase-activating protein 35-like	LB100vs150	LOC111949633
chr036862.1	NC_036862.1	22389001	-8.06	-1328	rna37250:XP_023822721.1:XP_023822721.1:XP_023822721.1:XP_023822721.1:XP_023822721.1:XP_023822721.1:XP_023822721.1:XP_023822721.1:XP_023822721.1:XP_023822721.1:XP_023822721.1:XP_023822721.1:XP_023822721.1:XP_023822721.1:XP_023822721.1:gene23716	LOC111949621	GeneID:111949621	Elastin-like	LB100vs150	LOC111949621
chr036862.1	NC_036862.1	24230001	-13.5	8760	rna37344:XP_023870038.1:XP_023870038.1:XP_023870038.1:XP_023870038.1:XP_023870038.1:XP_023870038.1:XP_023870038.1:XP_023870038.1:XP_023870038.1:gene23783	LOC111982659	GeneID:111982659	Nucleoredoxin-like	LB100vs150	LOC111982659
chr036863.1	NC_036863.1	12468001	-12	0	rna38085:XP_023823842.1:XP_023823842.1:XP_023823842.1:gene24259	LOC111950467	GeneID:111950467	protein FAM168A-like	LB100vs150	LOC111950467
chr036866.1	NC_036866.1	9090001	-33.63,-38.81,-23.40,-40.87	-26142	rna41126	LOC111952266	GeneID:111952266	uncharacterized LOC111952266	LB100vs150,LB50vs100,PL100vs150,PL50vs100	LOC111952266
chr019944865.1	NW_019944865.1	43001	-10.59	-53866	gene41715	LOC112076126	GeneID:112076126	pseudo	LB100vs150	LOC112076126
chr036867.1	NC_036867.1	9941001	-13.13	22861	rna42838:gene27116	LOC111953739	GeneID:111953739	C-C chemokine receptor type 3	LB100vs150	LOC111953739
chr036868.1	NC_036868.1	27349001	-21.52	70296	rna44641:gene28201	LOC111954486	GeneID:111954486	kelch-like protein 29	LB100vs150	LOC111954486
chr036870.1	NC_036870.1	13227001	-17.54	97266	rna46350:gene29280	LOC111955733	GeneID:111955733	cytosolic non-specific dipeptidase	LB100vs150	LOC111955733
chr036874.1	NC_036874.1	15117001	-22.3	-4019	rna50738	LOC112067960	GeneID:112067960	uncharacterized LOC112067960	LB100vs150	LOC112067960
chr036875.1	NC_036875.1	6208001	-12.17	23983	rna51019	transfer RNA alanine (anticodon CGC)	GeneID:111959991	transfer RNA alanine (anticodon CGC)	LB100vs150	tRNA_alanine_(anticodonCGC)
chr036875.1	NC_036875.1	9806001	-14.68	8708	rna51126:XP_023837054.1:XP_023837054.1:gene32372	tanc1	GeneID:111959602	protein TANC1	LB100vs150	tanc1
chr036875.1	NC_036875.1	16315001	-11.44	1291	rna51361:XP_023837144.1:XP_023837144.1:XP_023837144.1:XP_023837144.1:XP_023837144.1:XP_023837144.1:XP_023837144.1:XP_023837144.1:XP_023837144.1:XP_023837144.1:XP_023837144.1:XP_023837144.1:XP_023837144.1:XP_023837144.1:XP_023837144.1:XP_023837144.1:XP_023837144.1:XP_023837144.1:gene32509	LOC111959647	GeneID:111959647	anion exchange protein 3-like	LB100vs150	LOC111959647
chr019945363.1	NW_019945363.1	10001	-11.24	-3641	rna63201:XP_023999279.1:XP_023999279.1:gene42455	LOC112076855	GeneID:112076855	histone deacetylase 4-like	LB100vs150	LOC112076855
chr019946856.1	NW_019946856.1	29001	-6.44	4465	rna64741:gene43996	mrps33	GeneID:112078378	mitochondrial ribosomal protein S33	LB100vs150	mrps33
chr019947099.1	NW_019947099.1	21001	-16.31,-17.91	NA	NA			NA	LB100vs150,SB100vs150	NW_019947099.1_21001
chr036850.1	NC_036850.1	30001	-8.41	3647	rna17432	LOC111969161	GeneID:111969161	uncharacterized LOC111969161	LB150vs200	LOC111969161
chr036850.1	NC_036850.1	7487001	22.44	21685	rna17608:XP_023851016.1:XP_023851016.1:XP_023851016.1:XP_023851016.1:XP_023851016.1:XP_023851016.1:XP_023851016.1:XP_023851016.1:XP_023851016.1:XP_023851016.1:XP_023851016.1:XP_023851016.1:XP_023851016.1:XP_023851016.1:XP_023851016.1:XP_023851016.1:XP_023851016.1:XP_023851016.1:XP_023851016.1:gene11235	LOC111969237	GeneID:111969237	NEDD8-activating enzyme E1 regulatory subunit	LB150vs200	LOC111969237
chr036858.1	NC_036858.1	34309001	-11.36	4347	rna30363:XP_023864847.1:gene19289	eno4	GeneID:111978825	Enolase 4	LB150vs200	eno4
chr036860.1	NC_036860.1	10197001	-7.52	-8143	rna33361:gene21197	LOC111981463	GeneID:111981463	beta-1,4 N-acetylgalactosaminyltransferase 1	LB150vs200	LOC111981463
chr036863.1	NC_036863.1	46467001	6.87	8649	rna39569:XP_023824883.1:XP_023824883.1:XP_023824883.1:XP_023824883.1:gene25117	LOC111951100	GeneID:111951100	mitochondrial fission 1 protein	LB150vs200	LOC111951100
chr036872.1	NC_036872.1	19027001	-5.95,5.01,-5.31	-349	rna49098:XP_023834100.1:XP_023834100.1:XP_023834100.1:XP_023834100.1:XP_023834100.1:XP_023834100.1:XP_023834100.1:XP_023834100.1:XP_023834100.1:XP_023834100.1:gene31000	LOC111957498	GeneID:111957498	phosphatidylinositol transfer protein beta isoform	LB150vs200,PI100vs150,PI50vs100	LOC111957498
chr036872.1	NC_036872.1	35657001	-6.82	97598	rna49712:gene31359	LOC111957439	GeneID:111957439	reticulon-4 receptor-like	LB150vs200	LOC111957439
chr019943363.1	NW_019943363.1	46001	-7.72	-13535	gene38279	LOC112072732	GeneID:112072732	pseudo	LB150vs200	LOC112072732
chr019943980.1	NW_019943980.1	5001	-5.35,-5.65	NA	NA			NA	LB150vs200,PL150vs200	NW_019943980.1_5001
chr019946489.1	NW_019946489.1	9001	-7.51	NA	NA			NA	LB150vs200	NW_019946489.1_9001
chr036849.1	NC_036849.1	10931001	9.05	73959	rna16635:gene10638	LOC111968562	GeneID:111968562	proton-coupled folate transporter	LB150vs200	LOC111968562
chr019942514.1	NW_019942514.1	4759001	-11.26	53480	rna52937:gene33533	cmpk2	GeneID:111968379	cytidine/uridine monophosphate kinase 2	LB50vs100	cmpk2
chr019944279.1	NW_019944279.1	71001	-23.88,-17.61	-14236	rna61446:gene40682	LOC111958477	GeneID:111958477	protein mab-21-like 2	LB50vs100,SB100vs150	LOC111958477
chr019945011.1	NW_019945011.1	50001	-8.79	-11832	gene42006	LOC112076409	GeneID:112076409	pseudo	LB50vs100	LOC112076409
chr019945941.1	NW_019945941.1	14001	-20.27,-29.34,-18.63	-57877	rna63897:gene43149	fbxo40	GeneID:112077543	F-box protein 40	LB50vs100,PL50vs100,SB50vs100	fbxo40
chr019946848.1	NW_019946848.1	9001	-5.34	NA	NA			NA	LB50vs100	NW_019946848.1_9001
chr019942548.1	NW_019942548.1	402001	-6.18	4133	rna53231:XP_023991170.1:XP_023991170.1:XP_023991170.1:XP_023991170.1:XP_023991170.1:XP_023991170.1:XP_023991170.1:XP_023991170.1:gene33720	LOC112068301	GeneID:112068301	ena/VASP-like protein	LB50vs100	LOC112068301
chr019946938.1	NW_019946938.1	7001	-15.44	521	rna64779:gene44045	LOC112078427	GeneID:112078427	uncharacterized LOC112078427	LB50vs100	LOC112078427
chr019947105.1	NW_019947105.1	5001	-10.85	NA	NA			NA	LB50vs100	NW_019947105.1_5001
chr019957565.1	NW_019957565.1	1104001	-45.47	0	rna67110:XP_024002224.1:XP_024002224.1:XP_024002224.1:gene46283	LOC112080620	GeneID:112080620	multiple epidermal growth factor-like domains protein 9	LB50vs100	LOC112080620
chr019957652.1	NW_019957652.1	18001	6.67	1175	rna67549:XP_024002599.1:XP_024002599.1:XP_024002599.1:XP_024002599.1:XP_024002599.1:XP_024002599.1:gene46583	LOC112080902	GeneID:112080902	ras association domain-containing protein 4-like	LB50vs100	LOC112080902
chr019957652.1	NW_019957652.1	19001	7.85	2175	rna67549:XP_024002599.1:XP_024002599.1:XP_024002599.1:XP_024002599.1:XP_024002599.1:XP_024002599.1:gene46583	LOC112080902	GeneID:112080902	ras association domain-containing protein 4-like	LB50vs100	LOC112080902
chr036838.1	NC_036838.1	21150001	-9.36	3875	rna595:XP_023841231.1:XP_023841231.1:gene437	LOC111962397	GeneID:111962397	Plexin-A1	LB50vs100	LOC111962397
chr019942592.1	NW_019942592.1	356001	-19.86	44907	rna53837:gene34172	LOC112068739	GeneID:112068739	taste receptor type 1 member 3-like	LB50vs100	LOC112068739
chr036838.1	NC_036838.1	43676001	-9.39	91272	rna1598:gene1039	fhit	GeneID:111968153	fragile histidine triad	LB50vs100	fhit
chr036838.1	NC_036838.1	55356001	-12.12	-12065	gene1256	LOC111978577	GeneID:111978577	pseudo	LB50vs100	LOC111978577
chr036839.1	NC_036839.1	11219001	-11.75	0	rna2296:XP_023857762.1:XP_023857762.1:XP_023857762.1:gene1453	LOC111974293	GeneID:111974293	acid-sensing ion channel 4	LB50vs100	LOC111974293
chr036839.1	NC_036839.1	29941001	-12.24	-3905	rna2949:XP_023863518.1:XP_023863518.1:XP_023863518.1:XP_023863518.1:XP_023863518.1:XP_023863518.1:XP_023863518.1:XP_023863518.1:gene1817	LOC111977983	GeneID:111977983	fibrous sheath CABYR-binding protein	LB50vs100	LOC111977983
chr036839.1	NC_036839.1	41684001	-12.28	-39190	gene2106	LOC111971941	GeneID:111971941	pseudo	LB50vs100	LOC111971941
chr036840.1	NC_036840.1	13462001	-8.68,-8.97	20854	rna3901:XP_023825012.1:XP_023825012.1:XP_023825012.1:XP_023825012.1:XP_023825012.1:XP_023825012.1:XP_023825012.1:XP_023825012.1:XP_023825012.1:XP_023825012.1:XP_023825012.1:XP_023825012.1:XP_023825012.1:XP_023825012.1:XP_023825012.1:XP_023825012.1:XP_023825012.1:XP_023825012.1:XP_023825012.1:XP_023825012.1:gene2522	LOC111951182	GeneID:111951182	Copine-8	LB50vs100,SB50vs100	LOC111951182
chr036840.1	NC_036840.1	21684001	-5.24	-7600	rna4148:gene2658	LOC111952471	GeneID:111952471	ER membrane protein complex subunit 4	LB50vs100	LOC111952471
chr036842.1	NC_036842.1	34496001	-13.72	-8948	rna7083:XP_023838842.1:XP_023838842.1:XP_023838842.1:XP_023838842.1:XP_023838842.1:XP_023838842.1:XP_023838842.1:XP_023838842.1:XP_023838842.1:XP_023838842.1:XP_023838842.1:XP_023838842.1:XP_023838842.1:XP_023838842.1:XP_023838842.1:XP_023838842.1:XP_023838842.1:gene4511	LOC111960913	GeneID:111960913	DENN domain-containing protein 1A	LB50vs100	LOC111960913
chr036844.1	NC_036844.1	18912001	-19.57	0	rna10274:XP_023843435.1:XP_023843435.1:XP_023843435.1:XP_023843435.1:XP_023843435.1:XP_023843435.1:XP_023843435.1:XP_023843435.1:XP_023843435.1:XP_023843435.1:gene6540	LOC111964018	GeneID:111964018	tyrosine-protein kinase ABL1	LB50vs100	LOC111964018
chr036849.1	NC_036849.1	17118001	-14.95	-2906	rna16940:XP_023850283.1:XP_023850283.1:XP_023850283.1:XP_023850283.1:XP_023850283.1:XP_023850283.1:gene10810	LOC111968708	GeneID:111968708	solute carrier family 35 member F4	LB50vs100	LOC111968708
chr036851.1	NC_036851.1	11535001	-9.5	-2266	rna18491:XP_023851841.1:XP_023851841.1:XP_023851841.1:XP_023851841.1:XP_023851841.1:XP_023851841.1:XP_023851841.1:XP_023851841.1:XP_023851841.1:XP_023851841.1:gene11825	LOC111969806	GeneID:111969806	forkhead box protein J3	LB50vs100	LOC111969806
chr036851.1	NC_036851.1	30570001	-6.28,-5.57	7938	rna19157:gene12223	LOC111970155	GeneID:111970155	sorting nexin-6	LB50vs100,SB50vs100	LOC111970155
chr036854.1	NC_036854.1	7163001	-6.93,-7.82	13477	rna22117:gene14265	LOC111973019	GeneID:111973019	N-myc proto-oncogene protein-like	LB50vs100,PI50vs100	LOC111973019
chr019942793.1	NW_019942793.1	84001	-6.40,-6.03	-5446	rna55742:XP_023993338.1:XP_023993338.1:XP_023993338.1:XP_023993338.1:XP_023993338.1:XP_023993338.1:XP_023993338.1:XP_023993338.1:XP_023993338.1:XP_023993338.1:XP_023993338.1:XP_023993338.1:XP_023993338.1:XP_023993338.1:XP_023993338.1:gene35645	LOC112070158	GeneID:112070158	pleckstrin homology domain-containing family H member 1-like	LB50vs100,SB50vs100	LOC112070158
chr036857.1	NC_036857.1	3438001	-34.51	9956	rna27457:XP_023862050.1:XP_023862050.1:XP_023862050.1:XP_023862050.1:XP_023862050.1:XP_023862050.1:gene17602	LOC111977027	GeneID:111977027	biglycan	LB50vs100	LOC111977027
chr036858.1	NC_036858.1	9055001	-30.89	-1022	rna29363:gene18717	LOC111978135	GeneID:111978135	transcription factor 7-like 2	LB50vs100	LOC111978135
chr036858.1	NC_036858.1	56253001	15.49	-7882	rna30986:XP_023862575.1:XP_023862575.1:XP_023862575.1:XP_023862575.1:gene19648	LOC111977406	GeneID:111977406	chromobox protein homolog 2-like	LB50vs100	LOC111977406
chr036859.1	NC_036859.1	10963001	-5.93	-7248	rna31813:gene20182	LOC111979433	GeneID:111979433	disabled homolog 1	LB50vs100	LOC111979433
chr036860.1	NC_036860.1	54354001	7.41	-322	rna34903:gene22106	LOC111982133	GeneID:111982133	protocadherin gamma-C5	LB50vs100	LOC111982133
chr036860.1	NC_036860.1	55962001	-6.22	-60137	gene22162	LOC111980014	GeneID:111980014	pseudo	LB50vs100	LOC111980014
chr036862.1	NC_036862.1	1353001	-9.16	15980	rna36420:gene23160	LOC111982533	GeneID:111982533	fibroblast growth factor 12-like	LB50vs100	LOC111982533
chr019942846.1	NW_019942846.1	252001	-7.63	-7867	rna56123:XP_023993661.1:XP_023993661.1:XP_023993661.1:XP_023993661.1:XP_023993661.1:XP_023993661.1:XP_023993661.1:XP_023993661.1:XP_023993661.1:XP_023993661.1:gene35954	LOC112070460	GeneID:112070460	cytoplasmic dynein 1 heavy chain 1-like	LB50vs100	LOC112070460
chr036863.1	NC_036863.1	8106001	-10.66	-51868	rna37953:XP_023824526.1:XP_023824526.1:XP_023824526.1:XP_023824526.1:XP_023824526.1:XP_023824526.1:gene24184	LOC111950848	GeneID:111950848	CXADR-like membrane protein	LB50vs100	LOC111950848
chr036863.1	NC_036863.1	15686001	-17.93	-67813	rna38188:XP_023823462.1:gene24312	LOC111950261	GeneID:111950261	rho GTPase-activating protein 32-like	LB50vs100	LOC111950261
chr036867.1	NC_036867.1	28906001	-5.69,-7.96	68767	rna43309	LOC111953159	GeneID:111953159	uncharacterized LOC111953159	LB50vs100,PL50vs100	LOC111953159
chr036869.1	NC_036869.1	7784001	-19.04	11054	rna45054:XP_023831258.1:XP_023831258.1:XP_023831258.1:gene28451	med10	GeneID:111955296	mediator complex subunit 10	LB50vs100	med10
chr036871.1	NC_036871.1	14120001	-21.42	1845	rna47412:gene29981	LOC111956976	GeneID:111956976	thymocyte selection-associated high mobility group box protein TOX	LB50vs100	LOC111956976
chr036873.1	NC_036873.1	7536001	-5.11	1667	rna49981:gene31587	LOC111958373	GeneID:111958373	hydroperoxide isomerase ALOXE3	LB50vs100	LOC111958373
chr019943087.1	NW_019943087.1	3001	-12.62	-28271	rna57655:gene37233	nars2	GeneID:112071705	asparaginyl-tRNA synthetase 2, mitochondrial	LB50vs100	nars2
chr036876.1	NC_036876.1	1195001	-15.67	143	rna52122:gene33022	LOC111960022	GeneID:111960022	zinc finger protein 2 homolog	LB50vs100	LOC111960022
chr019943517.1	NW_019943517.1	14001	-8.03	-2930	gene38760	LOC112073214	GeneID:112073214	pseudo	LB50vs100	LOC112073214
chr036842.1	NC_036842.1	17839001	-10.16	-1312	rna6464:XP_023838983.1:gene4127	LOC111961096	GeneID:111961096	transmembrane protein 250-like	PI100vs150	LOC111961096
chr036847.1	NC_036847.1	19049001	7.09,-7.90	43629	rna13815:XP_023847061.1:XP_023847061.1:XP_023847061.1:XP_023847061.1:XP_023847061.1:gene8852	ajap1	GeneID:111966552	adherens junctions associated protein 1	PI100vs150,PL50vs100	ajap1
chr036851.1	NC_036851.1	2218001	10.22,-13.31	-21824	rna18214:XP_023851580.1:gene11659	abra	GeneID:111969656	actin binding Rho activating protein	PI100vs150,PI50vs100	abra
chr036853.1	NC_036853.1	20133001	11.71,-13.57	41095	rna21036	LOC111971654	GeneID:111971654	uncharacterized LOC111971654	PI100vs150,PI50vs100	LOC111971654
chr036857.1	NC_036857.1	17674001	-5.71	25232	gene17949	LOC111976756	GeneID:111976756	pseudo	PI100vs150	LOC111976756
chr036861.1	NC_036861.1	1369001	-5.92	2868	rna36123:gene22934	LOC111982311	GeneID:111982311	small integral membrane protein 28-like	PI100vs150	LOC111982311
chr019942747.1	NW_019942747.1	323001	7.55,-10.61,-8.09	80075	rna55357:XP_023993007.1:XP_023993007.1:XP_023993007.1:XP_023993007.1:XP_023993007.1:XP_023993007.1:XP_023993007.1:XP_023993007.1:XP_023993007.1:XP_023993007.1:XP_023993007.1:XP_023993007.1:XP_023993007.1:XP_023993007.1:XP_023993007.1:gene35331	LOC112069857	GeneID:112069857	SRSF protein kinase 1-like	PI100vs150,PI50vs100,SB50vs100	LOC112069857
chr036864.1	NC_036864.1	234001	7.10,-7.79	-7118	rna39654:gene25184	LOC111951489	GeneID:111951489	serine/threonine-protein kinase pim-3	PI100vs150,PI50vs100	LOC111951489
chr036865.1	NC_036865.1	21254001	20.57,-21.08,-14.55	-42122	rna40760:XP_023825856.1:XP_023825856.1:XP_023825856.1:gene25875	LOC111951843	GeneID:111951843	GDNF family receptor alpha-1	PI100vs150,PI50vs100,PL50vs100	LOC111951843
chr036866.1	NC_036866.1	41353001	10.34,-11.29	-6180	rna42267:XP_023826407.1:XP_023826407.1:gene26753	LOC111952128	GeneID:111952128	iroquois-class homeodomain protein IRX-5-like	PI100vs150,PI50vs100	LOC111952128
chr036876.1	NC_036876.1	8226001	-5.71	159077	rna52379:XP_023837635.1:XP_023837635.1:XP_023837635.1:XP_023837635.1:XP_023837635.1:XP_023837635.1:XP_023837635.1:XP_023837635.1:XP_023837635.1:XP_023837635.1:XP_023837635.1:XP_023837635.1:XP_023837635.1:XP_023837635.1:XP_023837635.1:XP_023837635.1:XP_023837635.1:XP_023837635.1:XP_023837635.1:XP_023837635.1:XP_023837635.1:XP_023837635.1:XP_023837635.1:XP_023837635.1:XP_023837635.1:XP_023837635.1:XP_023837635.1:XP_023837635.1:XP_023837635.1:XP_023837635.1:gene33201	LOC111960007	GeneID:111960007	receptor-type tyrosine-protein phosphatase delta-like	PI100vs150	LOC111960007
chr019942925.1	NW_019942925.1	120001	9.44	-8724	rna56736	LOC112070949	GeneID:112070949	5.8S ribosomal RNA	PI100vs150	LOC112070949
chr019943092.1	NW_019943092.1	90001	-5.06,-6.64	11120	rna57668	LOC112071717	GeneID:112071717	uncharacterized LOC112071717	PI100vs150,SB50vs100	LOC112071717
chr019944923.1	NW_019944923.1	38001	-5.49,-5.14,-5.03	-2737	rna62637:gene41842	LOC112076251	GeneID:112076251	alpha-(1,3)-fucosyltransferase 4-like	PI100vs150,PL50vs100,SB50vs100	LOC112076251
chr019946655.1	NW_019946655.1	23001	-5.15,-6.18	NA	NA			NA	PI100vs150,PL100vs150	NW_019946655.1_23001
chr019946655.1	NW_019946655.1	24001	-5.29,-5.01,-5.16	NA	NA			NA	PI100vs150,PL100vs150,SB50vs100	NW_019946655.1_24001
chr019942677.1	NW_019942677.1	185001	-14.33	-4482	rna54709:XP_023992462.1:gene34822	LOC112069370	GeneID:112069370	microtubule-actin cross-linking factor 1-like	PI150vs200	LOC112069370
chr036853.1	NC_036853.1	19414001	-13	-8110	rna21017:gene13459	LOC111972251	GeneID:111972251	cytochrome P450 2J2	PI150vs200	LOC111972251
chr036854.1	NC_036854.1	1257001	-13.05	-3165	gene14146	LOC111972866	GeneID:111972866	pseudo	PI150vs200	LOC111972866
chr036860.1	NC_036860.1	52574001	-7.48	-129223	rna34872:XP_023868231.1:XP_023868231.1:XP_023868231.1:XP_023868231.1:XP_023868231.1:XP_023868231.1:gene22083	LOC111981263	GeneID:111981263	T-box transcription factor TBX2b-like	PI150vs200	LOC111981263
chr019947025.1	NW_019947025.1	32001	-16.99	NA	NA			NA	PI150vs200	NW_019947025.1_32001
chr019947025.1	NW_019947025.1	33001	-16.74	NA	NA			NA	PI150vs200	NW_019947025.1_33001
chr019953566.1	NW_019953566.1	1001	-5.3	NA	NA			NA	PI150vs200	NW_019953566.1_1001
chr036838.1	NC_036838.1	30006001	-9.5	-507	rna961:gene668	LOC112081245	GeneID:112081245	keratin-associated protein 9-8-like	PI150vs200	LOC112081245
chr036846.1	NC_036846.1	22755001	-5.85,-5.85	-43965	rna12996:XP_023846207.1:gene8354	LOC111965996	GeneID:111965996	ephrin-B1-like	PI150vs200,PL50vs100	LOC111965996
chr019942874.1	NW_019942874.1	213001	-5.25	20188	rna56371	LOC112070662	GeneID:112070662	uncharacterized LOC112070662	PI50vs100	LOC112070662
chr019943197.1	NW_019943197.1	222001	-5.83	-30012	rna58137:gene37648	LOC112072107	GeneID:112072107	C-type lectin domain family 4 member E-like	PI50vs100	LOC112072107
chr019943232.1	NW_019943232.1	205001	-14.32	7509	rna58313:XP_023995443.1:XP_023995443.1:XP_023995443.1:XP_023995443.1:XP_023995443.1:gene37807	LOC111971960	GeneID:111971960	tripartite motif-containing protein 16-like	PI50vs100	LOC111971960
chr019943272.1	NW_019943272.1	64001	-12.40,-9.35	2901	rna58460:XP_023995569.1:XP_023995569.1:gene37938	LOC112072395	GeneID:112072395	Beta-microseminoprotein-like	PI50vs100,PL150vs200	LOC112072395
chr019943618.1	NW_019943618.1	174001	-5.67	5727	rna59756:XP_023996595.1:gene39111	LOC112073556	GeneID:112073556	collagen alpha-1(XI) chain-like	PI50vs100	LOC112073556
chr019944772.1	NW_019944772.1	49001	-5.57	NA	NA			NA	PI50vs100	NW_019944772.1_49001
chr019942604.1	NW_019942604.1	181001	-13.53	32096	rna53947:XP_023991799.1:XP_023991799.1:gene34254	LOC112068820	GeneID:112068820	C-type natriuretic peptide 4-like	PI50vs100	LOC112068820
chr019944925.1	NW_019944925.1	41001	-6.16	-8931	gene41844	LOC112076253	GeneID:112076253	pseudo	PI50vs100	LOC112076253
chr019945272.1	NW_019945272.1	15001	-7.33,-6.85	-12688	rna63109:XP_023999207.1:XP_023999207.1:XP_023999207.1:gene42358	LOC112067792	GeneID:112067792	glutathione hydrolase 1 proenzyme-like	PI50vs100,PL50vs100	LOC112067792
chr019946126.1	NW_019946126.1	27001	-8.09	-38803	gene43324	LOC112077716	GeneID:112077716	pseudo	PI50vs100	LOC112077716
chr019947018.1	NW_019947018.1	21001	-17.73	5364	rna64845:XP_024000488.1:gene44118	LOC112078499	GeneID:112078499	zinc finger protein 32-like	PI50vs100	LOC112078499
chr019947018.1	NW_019947018.1	22001	-13.06,9.86,-11.13	6364	rna64845:XP_024000488.1:gene44118	LOC112078499	GeneID:112078499	zinc finger protein 32-like	PI50vs100,PL100vs150,PL50vs100	LOC112078499
chr019947147.1	NW_019947147.1	12001	-5.68	-1670	gene44185	LOC112078570	GeneID:112078570	pseudo	PI50vs100	LOC112078570
chr019947960.1	NW_019947960.1	50001	-5.72	65	rna65354:gene44641	LOC112079015	GeneID:112079015	golgin subfamily A member 6-like protein 22	PI50vs100	LOC112079015
chr019957527.1	NW_019957527.1	96001	-12.58	1681	gene46032	LOC112080376	GeneID:112080376	pseudo	PI50vs100	LOC112080376
chr019957527.1	NW_019957527.1	98001	-10.01,10.86	0	gene46032	LOC112080376	GeneID:112080376	pseudo	PI50vs100,PL100vs150	LOC112080376
chr036839.1	NC_036839.1	42797001	-5.05	178363	rna3367:gene2117	LOC111971969	GeneID:111971969	tensin-1-like	PI50vs100	LOC111971969
chr036842.1	NC_036842.1	19256001	-7.46	63906	gene4141	LOC111960841	GeneID:111960841	pseudo	PI50vs100	LOC111960841
chr036842.1	NC_036842.1	45957001	-5.15	-89218	rna7407	LOC111961137	GeneID:111961137	uncharacterized LOC111961137	PI50vs100	LOC111961137
chr019942711.1	NW_019942711.1	306001	-7.26	4281	rna55039:gene35084	LOC112069615	GeneID:112069615	cysteine protease ATG4D-like	PI50vs100	LOC112069615
chr036842.1	NC_036842.1	45976001	-5.07	-108218	rna7407	LOC111961137	GeneID:111961137	uncharacterized LOC111961137	PI50vs100	LOC111961137
chr036843.1	NC_036843.1	2511001	-6.37	41849	rna8921:gene5643	qrsl1	GeneID:111963135	glutaminyl-tRNA synthase (glutamine-hydrolyzing)-like 1	PI50vs100	qrsl1
chr036847.1	NC_036847.1	27436001	-5.75	14258	rna14186:gene9066	LOC111966749	GeneID:111966749	teashirt homolog 2-like	PI50vs100	LOC111966749
chr036848.1	NC_036848.1	19503001	-10.35	47785	gene9733	LOC111968191	GeneID:111968191	pseudo	PI50vs100	LOC111968191
chr036849.1	NC_036849.1	5161001	-7.97,5.18,-8.11	116352	rna16461:XP_023849824.1:XP_023849824.1:gene10538	LOC111968472	GeneID:111968472	homeobox protein goosecoid	PI50vs100,PL100vs150,PL50vs100	LOC111968472
chr019942721.1	NW_019942721.1	155001	-17.06	20725	rna55146:XP_023992828.1:XP_023992828.1:gene35166	LOC112069693	GeneID:112069693	cyclin-dependent kinase inhibitor 1B-like	PI50vs100	LOC112069693
chr036851.1	NC_036851.1	44198001	-5.17	-2373	rna19715:gene12585	LOC111970450	GeneID:111970450	protein-glutamine gamma-glutamyltransferase 2	PI50vs100	LOC111970450
chr036853.1	NC_036853.1	20134001	-5.82	42095	rna21036	LOC111971654	GeneID:111971654	uncharacterized LOC111971654	PI50vs100	LOC111971654
chr036853.1	NC_036853.1	50969001	-18.64	0	rna21930:XP_023853851.1:gene14126	LOC111971341	GeneID:111971341	histone H4	PI50vs100	LOC111971341
chr036854.1	NC_036854.1	46383001	-9.41	-545636	rna23319:XP_023856609.1:XP_023856609.1:XP_023856609.1:XP_023856609.1:XP_023856609.1:XP_023856609.1:XP_023856609.1:XP_023856609.1:XP_023856609.1:XP_023856609.1:XP_023856609.1:gene15069	LOC111973470	GeneID:111973470	cadherin-10-like	PI50vs100	LOC111973470
chr036857.1	NC_036857.1	23171001	-6.33	-2014	rna28347:XP_023862038.1:XP_023862038.1:XP_023862038.1:XP_023862038.1:XP_023862038.1:XP_023862038.1:XP_023862038.1:XP_023862038.1:XP_023862038.1:XP_023862038.1:XP_023862038.1:XP_023862038.1:XP_023862038.1:XP_023862038.1:XP_023862038.1:XP_023862038.1:XP_023862038.1:XP_023862038.1:XP_023862038.1:XP_023862038.1:gene18119	LOC111977020	GeneID:111977020	integrin alpha-5-like	PI50vs100	LOC111977020
chr036857.1	NC_036857.1	26094001	-6.94	-4119	rna28477:gene18175	LOC111976279	GeneID:111976279	uncharacterized LOC111976279	PI50vs100	LOC111976279
chr036857.1	NC_036857.1	41768001	-10.27	0	gene18515	LOC111977297	GeneID:111977297	pseudo	PI50vs100	LOC111977297
chr036858.1	NC_036858.1	39718001	-6.97,-5.09	61432	rna30480:XP_023864264.1:XP_023864264.1:XP_023864264.1:XP_023864264.1:XP_023864264.1:XP_023864264.1:XP_023864264.1:XP_023864264.1:XP_023864264.1:XP_023864264.1:XP_023864264.1:gene19365	LOC111978430	GeneID:111978430	transcription factor COE3-like	PI50vs100,PL50vs100	LOC111978430
chr036859.1	NC_036859.1	27070001	-10.10,-16.85	0	rna32337	transfer RNA glycine (anticodon UCC)	GeneID:111979882	transfer RNA glycine (anticodon UCC)	PI50vs100,SB50vs100	tRNA_glycine_(anticodonUCC)
chr036863.1	NC_036863.1	5175001	-10.67,-14.44	-3750	rna37876:XP_023825039.1:XP_023825039.1:XP_023825039.1:XP_023825039.1:XP_023825039.1:XP_023825039.1:gene24145	LOC111951204	GeneID:111951204	gamma-aminobutyric acid receptor subunit beta-2	PI50vs100,SB50vs100	LOC111951204
chr036863.1	NC_036863.1	23355001	-5.89	-9971	rna38430:XP_023824523.1:XP_023824523.1:XP_023824523.1:XP_023824523.1:XP_023824523.1:XP_023824523.1:XP_023824523.1:XP_023824523.1:gene24444	LOC111950847	GeneID:111950847	E3 ubiquitin-protein ligase RNFT1	PI50vs100	LOC111950847
chr019942747.1	NW_019942747.1	348001	-8.02	105075	rna55357:XP_023993007.1:XP_023993007.1:XP_023993007.1:XP_023993007.1:XP_023993007.1:XP_023993007.1:XP_023993007.1:XP_023993007.1:XP_023993007.1:XP_023993007.1:XP_023993007.1:XP_023993007.1:XP_023993007.1:XP_023993007.1:XP_023993007.1:gene35331	LOC112069857	GeneID:112069857	SRSF protein kinase 1-like	PI50vs100	LOC112069857
chr036868.1	NC_036868.1	25026001	-5.05	16784	rna44585:gene28165	LOC111954566	GeneID:111954566	cholecystokinin	PI50vs100	LOC111954566
chr036870.1	NC_036870.1	1950001	-18.70,-26.23	-421	rna45910:XP_023831704.1:XP_023831704.1:gene28976	LOC111955687	GeneID:111955687	ATPase inhibitor A, mitochondrial	PI50vs100,PL50vs100	LOC111955687
chr036870.1	NC_036870.1	6401001	-6.16	-18763	rna46044:XP_023832232.1:XP_023832232.1:XP_023832232.1:XP_023832232.1:XP_023832232.1:XP_023832232.1:XP_023832232.1:XP_023832232.1:gene29077	LOC111956047	GeneID:111956047	Angiopoietin-1	PI50vs100	LOC111956047
chr036870.1	NC_036870.1	19671001	-6.89	-32054	rna46541:gene29413	LOC111955894	GeneID:111955894	growth factor receptor-bound protein 10	PI50vs100	LOC111955894
chr036871.1	NC_036871.1	23891001	-6.86	-892	rna47732	LOC111956362	GeneID:111956362	uncharacterized LOC111956362	PI50vs100	LOC111956362
chr036871.1	NC_036871.1	29506001	-15.67,-15.07	-42583	rna47939:gene30290	LOC111957164	GeneID:111957164	aquaporin FA-CHIP	PI50vs100,PL50vs100	LOC111957164
chr036872.1	NC_036872.1	10391001	-5.08	6846	rna48663:XP_023834998.1:XP_023834998.1:XP_023834998.1:gene30767	LOC111958051	GeneID:111958051	transient receptor potential cation channel subfamily M member 3-like	PI50vs100	LOC111958051
chr036872.1	NC_036872.1	11892001	-7.09	17728	rna48738:gene30809	LOC111957993	GeneID:111957993	uncharacterized LOC111957993	PI50vs100	LOC111957993
chr036872.1	NC_036872.1	26483001	-8.53	337	rna49464:XP_023835201.1:XP_023835201.1:XP_023835201.1:XP_023835201.1:gene31206	trmt2a	GeneID:111958224	tRNA methyltransferase 2 homolog A	PI50vs100	trmt2a
chr036875.1	NC_036875.1	6613001	-19.19,-9.36	3397	rna51030:XP_023837247.1:gene32321	LOC111959710	GeneID:111959710	uncharacterized LOC111959710	PI50vs100,PL150vs200	LOC111959710
chr036844.1	NC_036844.1	26361001	11.54	-13327	rna10490:XP_023843637.1:gene6678	LOC111964129	GeneID:111964129	fibroblast growth factor 11-like	PL100vs150	LOC111964129
chr036847.1	NC_036847.1	11891001	13.59	2470	rna13519:XP_023846765.1:XP_023846765.1:XP_023846765.1:XP_023846765.1:XP_023846765.1:XP_023846765.1:gene8690	LOC111966395	GeneID:111966395	5-aminolevulinate synthase, erythroid-specific, mitochondrial	PL100vs150	LOC111966395
chr036858.1	NC_036858.1	11864001	-13.12	-33192	rna29548:gene18820	itga3	integrin subunit alpha 3	integrin subunit alpha 3	PL100vs150	itga3
chr036860.1	NC_036860.1	73076001	-13.19,-9.80	5144	rna35677:XP_024003541.1:XP_024003541.1:XP_024003541.1:XP_024003541.1:XP_024003541.1:XP_024003541.1:XP_024003541.1:XP_024003541.1:XP_024003541.1:XP_024003541.1:XP_024003541.1:gene22595	LOC111980282	GeneID:111980282	protein tweety homolog 3	PL100vs150,SB100vs150	LOC111980282
chr036870.1	NC_036870.1	1028001	-5.52	-1817	rna45869:XP_023832432.1:XP_023832432.1:XP_023832432.1:XP_023832432.1:gene28952	LOC111956211	GeneID:111956211	LIX1-like protein	PL100vs150	LOC111956211
chr036871.1	NC_036871.1	29370001	-9.47	2136	rna47938:XP_023833798.1:XP_023833798.1:XP_023833798.1:XP_023833798.1:XP_023833798.1:XP_023833798.1:gene30289	LOC111957248	GeneID:111957248	corticotropin-releasing factor receptor 2-like	PL100vs150	LOC111957248
chr036874.1	NC_036874.1	855001	8.85	-12512	rna50076:XP_023835562.1:XP_023835562.1:XP_023835562.1:XP_023835562.1:gene31668	LOC111958541	GeneID:111958541	carcinoembryonic antigen-related cell adhesion molecule 1-like	PL100vs150	LOC111958541
chr019948565.1	NW_019948565.1	9001	-27.8	39946	gene44861	LOC112079234	GeneID:112079234	pseudo	PL100vs150	LOC112079234
chr036838.1	NC_036838.1	8616001	-11.54	10324	rna273	LOC111971021	GeneID:111971021	U7 small nuclear RNA	PL150vs200	LOC111971021
chr036842.1	NC_036842.1	45908001	16.52	-40218	rna7407	LOC111961137	GeneID:111961137	uncharacterized LOC111961137	PL150vs200	LOC111961137
chr036849.1	NC_036849.1	531001	-5.71	19806	rna16300:XP_023849670.1:XP_023849670.1:XP_023849670.1:XP_023849670.1:XP_023849670.1:XP_023849670.1:XP_023849670.1:XP_023849670.1:gene10459	LOC111968410	GeneID:111968410	EMILIN-1	PL150vs200	LOC111968410
chr036849.1	NC_036849.1	10933001	-5.77	71959	rna16635:gene10638	LOC111968562	GeneID:111968562	proton-coupled folate transporter	PL150vs200	LOC111968562
chr036862.1	NC_036862.1	28683001	-8.15	-12175	rna37509:XP_023870183.1:XP_023870183.1:XP_023870183.1:XP_023870183.1:gene23880	LOC111982811	GeneID:111982811	Friend leukemia integration 1 transcription factor	PL150vs200	LOC111982811
chr036865.1	NC_036865.1	59001	-16.84	10816	rna40087:XP_023825651.1:XP_023825651.1:XP_023825651.1:XP_023825651.1:XP_023825651.1:XP_023825651.1:XP_023825651.1:XP_023825651.1:XP_023825651.1:XP_023825651.1:XP_023825651.1:XP_023825651.1:XP_023825651.1:XP_023825651.1:XP_023825651.1:XP_023825651.1:XP_023825651.1:gene25485	LOC111951670	GeneID:111951670	cadherin-23-like	PL150vs200	LOC111951670
chr036868.1	NC_036868.1	10316001	-6.26	17677	gene27874	LOC111954408	GeneID:111954408	pseudo	PL150vs200	LOC111954408
chr036871.1	NC_036871.1	21214001	-12.37	15766	rna47619:XP_023832688.1:XP_023832688.1:XP_023832688.1:XP_023832688.1:XP_023832688.1:XP_023832688.1:XP_023832688.1:XP_023832688.1:XP_023832688.1:XP_023832688.1:XP_023832688.1:XP_023832688.1:XP_023832688.1:XP_023832688.1:gene30105	LOC111956480	GeneID:111956480	E3 ubiquitin-protein ligase RNF220	PL150vs200	LOC111956480
chr019944535.1	NW_019944535.1	78001	-14.82	12281	rna61951	LOC112075582	GeneID:112075582	uncharacterized LOC112075582	PL150vs200	LOC112075582
chr019947187.1	NW_019947187.1	13001	-15.74	NA	NA			NA	PL150vs200	NW_019947187.1_13001
chr019953584.1	NW_019953584.1	1001	-12.02	NA	NA			NA	PL150vs200	NW_019953584.1_1001
chr019943205.1	NW_019943205.1	1001	-5.89	-78773	rna58188	LOC112072150	GeneID:112072150	uncharacterized LOC112072150	PL50vs100	LOC112072150
chr019943782.1	NW_019943782.1	69001	-5.32	NA	NA			NA	PL50vs100	NW_019943782.1_69001
chr019944970.1	NW_019944970.1	136001	-5.34	0	rna62713	LOC112076326	GeneID:112076326	5.8S ribosomal RNA	PL50vs100	LOC112076326
chr019945856.1	NW_019945856.1	77001	-5.22	NA	NA			NA	PL50vs100	NW_019945856.1_77001
chr019953566.1	NW_019953566.1	2001	-12.44	NA	NA			NA	PL50vs100	NW_019953566.1_2001
chr019942558.1	NW_019942558.1	955001	-8.05	-961	rna53352:XP_023991286.1:XP_023991286.1:XP_023991286.1:XP_023991286.1:XP_023991286.1:XP_023991286.1:XP_023991286.1:XP_023991286.1:XP_023991286.1:XP_023991286.1:XP_023991286.1:XP_023991286.1:gene33801	LOC112068375	GeneID:112068375	uncharacterized LOC112068375	PL50vs100	LOC112068375
chr036838.1	NC_036838.1	48802001	-12.01	-11826	rna1758:XP_023850810.1:XP_023850810.1:XP_023850810.1:XP_023850810.1:XP_023850810.1:XP_023850810.1:XP_023850810.1:XP_023850810.1:XP_023850810.1:XP_023850810.1:XP_023850810.1:XP_023850810.1:XP_023850810.1:XP_023850810.1:XP_023850810.1:XP_023850810.1:XP_023850810.1:XP_023850810.1:XP_023850810.1:XP_023850810.1:XP_023850810.1:XP_023850810.1:XP_023850810.1:XP_023850810.1:XP_023850810.1:XP_023850810.1:XP_023850810.1:gene1121	LOC111969075	GeneID:111969075	host cell factor 1	PL50vs100	LOC111969075
chr036839.1	NC_036839.1	10428001	-7.32	12759	rna2284:XP_023857627.1:XP_023857627.1:gene1444	LOC111974206	GeneID:111974206	G protein-activated inward rectifier potassium channel 1	PL50vs100	LOC111974206
chr036839.1	NC_036839.1	10882001	-5.72	42486	rna2294:XP_023857740.1:XP_023857740.1:XP_023857740.1:XP_023857740.1:XP_023857740.1:XP_023857740.1:XP_023857740.1:XP_023857740.1:XP_023857740.1:XP_023857740.1:XP_023857740.1:gene1452	LOC111974282	GeneID:111974282	mannose-1-phosphate guanyltransferase alpha-A	PL50vs100	LOC111974282
chr036848.1	NC_036848.1	26151001	-7.48	-3195	rna15290:XP_023848594.1:XP_023848594.1:XP_023848594.1:XP_023848594.1:XP_023848594.1:XP_023848594.1:XP_023848594.1:XP_023848594.1:XP_023848594.1:XP_023848594.1:XP_023848594.1:gene9818	LOC111967636	GeneID:111967636	ecto-NOX disulfide-thiol exchanger 2-like	PL50vs100	LOC111967636
chr019942675.1	NW_019942675.1	95001	-5.54	0	rna54649	transfer RNA proline (anticodon UGG)	GeneID:112069344	transfer RNA proline (anticodon UGG)	PL50vs100	tRNA_proline_(anticodonUGG)
chr036851.1	NC_036851.1	1579001	-5.21	42336	rna18196:XP_023851565.1:XP_023851565.1:XP_023851565.1:XP_023851565.1:gene11646	LOC111969647	GeneID:111969647	Syndecan-4	PL50vs100	LOC111969647
chr036851.1	NC_036851.1	28191001	-7.81	210	rna19090:XP_023853233.1:XP_023853233.1:XP_023853233.1:XP_023853233.1:XP_023853233.1:XP_023853233.1:XP_023853233.1:XP_023853233.1:XP_023853233.1:XP_023853233.1:XP_023853233.1:XP_023853233.1:XP_023853233.1:XP_023853233.1:XP_023853233.1:XP_023853233.1:XP_023853233.1:XP_023853233.1:XP_023853233.1:XP_023853233.1:XP_023853233.1:XP_023853233.1:XP_023853233.1:XP_023853233.1:XP_023853233.1:XP_023853233.1:XP_023853233.1:XP_023853233.1:XP_023853233.1:XP_023853233.1:XP_023853233.1:XP_023853233.1:XP_023853233.1:XP_023853233.1:XP_023853233.1:XP_023853233.1:XP_023853233.1:XP_023853233.1:XP_023853233.1:XP_023853233.1:XP_023853233.1:XP_023853233.1:XP_023853233.1:XP_023853233.1:XP_023853233.1:XP_023853233.1:XP_023853233.1:XP_023853233.1:XP_023853233.1:XP_023853233.1:XP_023853233.1:XP_023853233.1:XP_023853233.1:XP_023853233.1:XP_023853233.1:XP_023853233.1:XP_023853233.1:XP_023853233.1:XP_023853233.1:XP_023853233.1:XP_023853233.1:XP_023853233.1:XP_023853233.1:XP_023853233.1:XP_023853233.1:XP_023853233.1:XP_023853233.1:XP_023853233.1:XP_023853233.1:XP_023853233.1:XP_023853233.1:XP_023853233.1:XP_023853233.1:XP_023853233.1:XP_023853233.1:XP_023853233.1:XP_023853233.1:XP_023853233.1:XP_023853233.1:XP_023853233.1:XP_023853233.1:gene12181	LOC111970676	GeneID:111970676	collagen alpha-1(VII) chain	PL50vs100	LOC111970676
chr036853.1	NC_036853.1	11463001	-6.84	11813	rna20716:gene13275	LOC111971163	GeneID:111971163	sphingosine 1-phosphate receptor 3-like	PL50vs100	LOC111971163
chr019942734.1	NW_019942734.1	48001	-7.9	-33758	rna55255:gene35249	LOC112069779	GeneID:112069779	Iporin-like	PL50vs100	LOC112069779
chr036854.1	NC_036854.1	23112001	-5.12	9099	rna22693	LOC111973300	GeneID:111973300	uncharacterized LOC111973300	PL50vs100	LOC111973300
chr036855.1	NC_036855.1	47404001	-9.29,-8.54	-73416	rna25195:XP_024003292.1:XP_024003292.1:XP_024003292.1:XP_024003292.1:XP_024003292.1:XP_024003292.1:XP_024003292.1:XP_024003292.1:XP_024003292.1:XP_024003292.1:XP_024003292.1:XP_024003292.1:XP_024003292.1:XP_024003292.1:gene16198	LOC111974393	GeneID:111974393	protein kinase C-binding protein NELL1	PL50vs100,SB50vs100	LOC111974393
chr019942747.1	NW_019942747.1	309001	-5.08	66075	rna55357:XP_023993007.1:XP_023993007.1:XP_023993007.1:XP_023993007.1:XP_023993007.1:XP_023993007.1:XP_023993007.1:XP_023993007.1:XP_023993007.1:XP_023993007.1:XP_023993007.1:XP_023993007.1:XP_023993007.1:XP_023993007.1:XP_023993007.1:gene35331	LOC112069857	GeneID:112069857	SRSF protein kinase 1-like	PL50vs100	LOC112069857
chr036858.1	NC_036858.1	15871001	-7.62	10434	rna29763:XP_023864838.1:gene18952	LOC111978815	GeneID:111978815	rho-related GTP-binding protein RhoN	PL50vs100	LOC111978815
chr036858.1	NC_036858.1	59384001	-20.13	-55093	rna31062:XP_023864066.1:gene19688	LOC111978311	GeneID:111978311	zinc finger protein 503-like	PL50vs100	LOC111978311
chr036860.1	NC_036860.1	17383001	-6.77,-6.56	9854	rna33684:XP_023869407.1:XP_023869407.1:XP_023869407.1:XP_023869407.1:gene21422	LOC111982089	GeneID:111982089	BEN domain-containing protein 4-like	PL50vs100,SB50vs100	LOC111982089
chr036860.1	NC_036860.1	42744001	-18.29	-95022	rna34428:gene21835	LOC111980328	GeneID:111980328	autism susceptibility gene 2 protein-like	PL50vs100	LOC111980328
chr019942914.1	NW_019942914.1	238001	-7.28	-72188	rna56668:XP_023994100.1:XP_023994100.1:gene36394	LOC111963747	GeneID:111963747	uncharacterized LOC111963747	PL50vs100	LOC111963747
chr036862.1	NC_036862.1	28681001	-6.72,-5.47	-14175	rna37509:XP_023870183.1:XP_023870183.1:XP_023870183.1:XP_023870183.1:gene23880	LOC111982811	GeneID:111982811	Friend leukemia integration 1 transcription factor	PL50vs100,SB50vs100	LOC111982811
chr036863.1	NC_036863.1	13578001	-5.59	38096	rna38162:gene24298	LOC111950801	GeneID:111950801	opioid-binding protein/cell adhesion molecule-like	PL50vs100	LOC111950801
chr036865.1	NC_036865.1	21253001	-7.87	41953	rna40760:XP_023825856.1:XP_023825856.1:gene25875	LOC111951843	GeneID:111951843	GDNF family receptor alpha-1	PL50vs100	LOC111951843
chr036865.1	NC_036865.1	24650001	-5.67	82112	rna40849:XP_023825710.1:gene25933	LOC111951744	GeneID:111951744	leucine-rich melanocyte differentiation-associated protein-like	PL50vs100	LOC111951744
chr036866.1	NC_036866.1	16496001	-20.01	6587	rna41446:gene26298	LOC111952937	GeneID:111952937	DET1 homolog	PL50vs100	LOC111952937
chr019942939.1	NW_019942939.1	197001	-5.13	14209	rna56794:XP_023994217.1:XP_023994217.1:XP_023994217.1:XP_023994217.1:XP_023994217.1:gene36506	LOC112070991	GeneID:112070991	UDP-glucuronosyltransferase 2C1-like	PL50vs100	LOC112070991
chr036870.1	NC_036870.1	16570001	-15.46,-12.27	156668	gene29339	LOC111955512	GeneID:111955512	pseudo	PL50vs100,SB50vs100	LOC111955512
chr036875.1	NC_036875.1	30098001	13.22	-118060	rna51817	transfer RNA valine (anticodon UAC)		transfer RNA valine (anticodon UAC)	PL50vs100	tRNA_valine_(anticodonUAC)
chr036875.1	NC_036875.1	33606001	-12.78	6515	rna51876:XP_023836954.1:XP_023836954.1:XP_023836954.1:XP_023836954.1:XP_023836954.1:XP_023836954.1:XP_023836954.1:XP_023836954.1:XP_023836954.1:XP_023836954.1:XP_023836954.1:XP_023836954.1:XP_023836954.1:gene32823	stam2	GeneID:111959549	signal transducing adaptor molecule 2	PL50vs100	stam2
chr036876.1	NC_036876.1	6158001	-5.49	-2777	rna52331:XP_023837784.1:XP_023837784.1:XP_023837784.1:XP_023837784.1:XP_023837784.1:XP_023837784.1:XP_023837784.1:gene33187	LOC111960109	GeneID:111960109	arf-GAP domain and FG repeat-containing protein 2-like	PL50vs100	LOC111960109
chr019943020.1	NW_019943020.1	20001	-5.78	-7178	rna57248:gene36895	LOC112071374	GeneID:112071374	zinc finger protein 239-like	PL50vs100	LOC112071374
chr019946533.1	NW_019946533.1	61001	-9.27	-2538	rna64462:XP_024000210.1:XP_024000210.1:XP_024000210.1:XP_024000210.1:XP_024000210.1:XP_024000210.1:gene43725	alkbh7	GeneID:112078111	alkB homolog 7	SB100vs150	alkbh7
chr019948957.1	NW_019948957.1	8001	-10.61,-7.00	164	gene44984	LOC112079356	GeneID:112079356	pseudo	SB100vs150,SB50vs100	LOC112079356
chr019957698.1	NW_019957698.1	222001	-25.35	55474	gene46721	LOC112081025	GeneID:112081025	pseudo	SB100vs150	LOC112081025
chr036838.1	NC_036838.1	26005001	-14.13	-439	rna794:XP_023842901.1:gene569	cntn2	GeneID:111963596	Contactin 2	SB100vs150	cntn2
chr036840.1	NC_036840.1	26369001	-15.06	-9700	rna4385:gene2839	LOC111953774	GeneID:111953774	uncharacterized LOC111953774	SB100vs150	LOC111953774
chr036842.1	NC_036842.1	9854001	-9.43	58810	rna6102:XP_023839400.1:XP_023839400.1:XP_023839400.1:XP_023839400.1:XP_023839400.1:XP_023839400.1:XP_023839400.1:XP_023839400.1:XP_023839400.1:gene3917	LOC111961398	GeneID:111961398	retinoic acid receptor alpha	SB100vs150	LOC111961398
chr019942971.1	NW_019942971.1	54001	-41.62	16475	rna56998:gene36675	s1pr2	GeneID:112071158	sphingosine-1-phosphate receptor 2	SB100vs150	s1pr2
chr036842.1	NC_036842.1	43316001	-5	8693	rna7311:gene4647	LOC111961133	GeneID:111961133	interferon-induced transmembrane protein 5	SB100vs150	LOC111961133
chr036843.1	NC_036843.1	19820001	7.78	-1752	rna9478:XP_023842648.1:XP_023842648.1:XP_023842648.1:XP_023842648.1:XP_023842648.1:XP_023842648.1:XP_023842648.1:XP_023842648.1:gene5991	LOC111963439	GeneID:111963439	disheveled-associated activator of morphogenesis 1	SB100vs150	LOC111963439
chr036844.1	NC_036844.1	8936001	-16.4	-6975	rna9958:XP_023843183.1:XP_023843183.1:XP_023843183.1:gene6317	LOC111963858	GeneID:111963858	disabled homolog 2-interacting protein-like	SB100vs150	LOC111963858
chr036846.1	NC_036846.1	69001	7.11	1193	rna12241:gene7864	LOC111965453	GeneID:111965453	protocadherin beta-16-like	SB100vs150	LOC111965453
chr036848.1	NC_036848.1	35015001	-12.15	86	rna15674:XP_023848975.1:XP_023848975.1:XP_023848975.1:XP_023848975.1:gene10025	LOC111967817	GeneID:111967817	protein quaking-B	SB100vs150	LOC111967817
chr036853.1	NC_036853.1	20144001	-5.87	52095	rna21036	LOC111971654	GeneID:111971654	uncharacterized LOC111971654	SB100vs150	LOC111971654
chr036855.1	NC_036855.1	40157001	-17.32	6170	rna24992:XP_023857691.1:XP_023857691.1:XP_023857691.1:XP_023857691.1:XP_023857691.1:XP_023857691.1:XP_023857691.1:gene16097	LOC111974255	GeneID:111974255	E3 ubiquitin-protein ligase znrf3	SB100vs150	LOC111974255
chr036856.1	NC_036856.1	4235001	-23.36	-283619	rna25955:XP_023859651.1:XP_023859651.1:XP_023859651.1:XP_023859651.1:XP_023859651.1:XP_023859651.1:XP_023859651.1:XP_023859651.1:XP_023859651.1:XP_023859651.1:XP_023859651.1:XP_023859651.1:XP_023859651.1:XP_023859651.1:XP_023859651.1:XP_023859651.1:XP_023859651.1:XP_023859651.1:XP_023859651.1:XP_023859651.1:XP_023859651.1:XP_023859651.1:XP_023859651.1:XP_023859651.1:XP_023859651.1:XP_023859651.1:XP_023859651.1:XP_023859651.1:XP_023859651.1:XP_023859651.1:XP_023859651.1:XP_023859651.1:XP_023859651.1:XP_023859651.1:XP_023859651.1:XP_023859651.1:XP_023859651.1:XP_023859651.1:gene16677	LOC111975548	GeneID:111975548	receptor-type tyrosine-protein phosphatase S-like	SB100vs150	LOC111975548
chr036856.1	NC_036856.1	8286001	-10.59	0	rna26098:XP_023859821.1:XP_023859821.1:XP_023859821.1:XP_023859821.1:XP_023859821.1:XP_023859821.1:XP_023859821.1:gene16766	LOC111975624	GeneID:111975624	lipoamide acyltransferase component of branched-chain alpha-keto acid dehydrogenase complex, mitochondrial	SB100vs150	LOC111975624
chr036857.1	NC_036857.1	4619001	-8.6	194262	rna27495:gene17630	mafb	GeneID:111976683	MAF bZIP transcription factor B	SB100vs150	mafb
chr036860.1	NC_036860.1	54990001	6.08	-618	rna34947:XP_023866464.1:XP_023866464.1:gene22126	LOC111980011	GeneID:111980011	leucine-rich repeat-containing protein 75B-like	SB100vs150	LOC111980011
chr036860.1	NC_036860.1	73535001	-10.87	21157	rna35696:gene22607	LOC111980514	GeneID:111980514	stannin	SB100vs150	LOC111980514
chr036869.1	NC_036869.1	14839001	-10.34	118156	rna45299:XP_023831205.1:XP_023831205.1:XP_023831205.1:XP_023831205.1:XP_023831205.1:XP_023831205.1:XP_023831205.1:XP_023831205.1:XP_023831205.1:XP_023831205.1:gene28602	LOC111955262	GeneID:111955262	cytosolic non-specific dipeptidase-like	SB100vs150	LOC111955262
chr036872.1	NC_036872.1	34799001	-11.39	0	rna49696:XP_023835277.1:XP_023835277.1:XP_023835277.1:XP_023835277.1:XP_023835277.1:gene31349	LOC111958271	GeneID:111958271	kelch-like protein 20	SB100vs150	LOC111958271
chr019944574.1	NW_019944574.1	19001	-10.19	10714	rna61986	LOC112075618	GeneID:112075618	uncharacterized LOC112075618	SB100vs150	LOC112075618
chr019945948.1	NW_019945948.1	14001	-11.22,-9.95	227	rna63903:gene43156	LOC112077550	GeneID:112077550	CXXC-type zinc finger protein 4-like	SB100vs150,SB150vs200	LOC112077550
chr019946085.1	NW_019946085.1	124001	-23.73	-7458	rna64034:XP_023999922.1:XP_023999922.1:XP_023999922.1:XP_023999922.1:gene43279	LOC112077671	GeneID:112077671	E3 ubiquitin-protein ligase TRIM71-like	SB100vs150	LOC112077671
chr036846.1	NC_036846.1	10531001	-7.29	41847	gene8140	LOC112081114	GeneID:112081114	leukocyte cell-derived chemotaxin-2-like	SB150vs200	LOC112081114
chr036849.1	NC_036849.1	14447001	-6.7	-1370	rna16757:XP_023850113.1:XP_023850113.1:XP_023850113.1:XP_023850113.1:XP_023850113.1:XP_023850113.1:XP_023850113.1:gene10715	LOC111968629	GeneID:111968629	1-phosphatidylinositol 4,5-bisphosphate phosphodiesterase beta-1	SB150vs200	LOC111968629
chr036851.1	NC_036851.1	40913001	-6.48	13062	rna19627	LOC111970411	GeneID:111970411	uncharacterized LOC111970411	SB150vs200	LOC111970411
chr036857.1	NC_036857.1	29554001	-17.86	7113	rna28678:XP_023860871.1:XP_023860871.1:XP_023860871.1:XP_023860871.1:XP_023860871.1:XP_023860871.1:XP_023860871.1:XP_023860871.1:XP_023860871.1:XP_023860871.1:XP_023860871.1:XP_023860871.1:XP_023860871.1:XP_023860871.1:XP_023860871.1:XP_023860871.1:XP_023860871.1:XP_023860871.1:XP_023860871.1:XP_023860871.1:XP_023860871.1:XP_023860871.1:XP_023860871.1:gene18288	LOC111976316	GeneID:111976316	uncharacterized LOC111976316	SB150vs200	LOC111976316
chr036858.1	NC_036858.1	39008001	-14.5	3920	rna30463:XP_023864310.1:XP_023864310.1:XP_023864310.1:gene19355	LOC111978462	GeneID:111978462	SH3 and PX domain-containing protein 2A	SB150vs200	LOC111978462
chr036859.1	NC_036859.1	17121001	-22.41	-3934	rna32001:XP_023865068.1:XP_023865068.1:XP_023865068.1:XP_023865068.1:XP_023865068.1:XP_023865068.1:XP_023865068.1:gene20295	LOC111979020	GeneID:111979020	zinc finger protein 521-like	SB150vs200	LOC111979020
chr036865.1	NC_036865.1	23945001	-18.05	4712	rna40832:gene25919	eif4ebp2	GeneID:111951824	eukaryotic translation initiation factor 4E binding protein 2	SB150vs200	eif4ebp2
chr036866.1	NC_036866.1	12434001	-12.71	0	rna41316:XP_023827946.1:gene26232	LOC111953085	GeneID:111953085	NADH dehydrogenase [ubiquinone] 1 alpha subcomplex subunit 11	SB150vs200	LOC111953085
chr036867.1	NC_036867.1	13665001	-26.19	382	rna42977:XP_023828331.1:XP_023828331.1:XP_023828331.1:XP_023828331.1:XP_023828331.1:XP_023828331.1:XP_023828331.1:XP_023828331.1:gene27195	LOC111953336	GeneID:111953336	transcriptional activator GLI3-like	SB150vs200	LOC111953336
chr036868.1	NC_036868.1	9484001	-10.09	2000	rna44028:gene27842	LOC111954346	GeneID:111954346	sodium-dependent glucose transporter 1	SB150vs200	LOC111954346
chr019950840.1	NW_019950840.1	3001	7.07	NA	NA			NA	SB150vs200	NW_019950840.1_3001
chr036870.1	NC_036870.1	16247001	-21.74	-210	rna46423:XP_023832120.1:XP_023832120.1:XP_023832120.1:gene29333	LOC111955959	GeneID:111955959	endothelin-2-like	SB150vs200	LOC111955959
chr019957557.1	NW_019957557.1	527001	-11.21	10910	rna67016:gene46228	LOC112080559	GeneID:112080559	signal-induced proliferation-associated 1-like protein 1	SB150vs200	LOC112080559
chr036839.1	NC_036839.1	38374001	-12.73	-188743	rna3249:XP_023865975.1:XP_023865975.1:XP_023865975.1:XP_023865975.1:XP_023865975.1:XP_023865975.1:XP_023865975.1:XP_023865975.1:XP_023865975.1:gene2023	cmss1	GeneID:111979609	cms1 ribosomal small subunit homolog (yeast)	SB150vs200	cmss1
chr036843.1	NC_036843.1	21887001	-16.2	-8919	rna9530:gene6026	LOC111963473	GeneID:111963473	Galectin-3	SB150vs200	LOC111963473
chr036844.1	NC_036844.1	9555001	-10.39	-2850	gene6340	LOC111964483	GeneID:111964483	pseudo	SB150vs200	LOC111964483
chr036844.1	NC_036844.1	13699001	-17.25	-110260	rna10114:XP_023844155.1:XP_023844155.1:XP_023844155.1:XP_023844155.1:XP_023844155.1:XP_023844155.1:XP_023844155.1:XP_023844155.1:XP_023844155.1:XP_023844155.1:XP_023844155.1:XP_023844155.1:XP_023844155.1:XP_023844155.1:XP_023844155.1:gene6428	LOC111964499	GeneID:111964499	netrin receptor UNC5D-like	SB150vs200	LOC111964499
chr036845.1	NC_036845.1	26482001	-17.13	1989	rna12104:XP_023845288.1:XP_023845288.1:XP_023845288.1:XP_023845288.1:XP_023845288.1:XP_023845288.1:XP_023845288.1:XP_023845288.1:XP_023845288.1:XP_023845288.1:XP_023845288.1:gene7778	LOC111965367	GeneID:111965367	rho guanine nucleotide exchange factor 37-like	SB150vs200	LOC111965367
chr019944967.1	NW_019944967.1	23001	-5.01	2185	rna62708:XP_023998917.1:XP_023998917.1:XP_023998917.1:XP_023998917.1:XP_023998917.1:XP_023998917.1:XP_023998917.1:XP_023998917.1:XP_023998917.1:XP_023998917.1:gene41911	LOC112076318	GeneID:112076318	NACHT, LRR and PYD domains-containing protein 4A-like	SB50vs100	LOC112076318
chr019945627.1	NW_019945627.1	16001	18.79	-750	rna63522	LOC112077177	GeneID:112077177	U2 spliceosomal RNA	SB50vs100	LOC112077177
chr019946066.1	NW_019946066.1	10001	-7.9	NA	NA			NA	SB50vs100	NW_019946066.1_10001
chr036838.1	NC_036838.1	12041001	-17.25	-823	rna390:gene302	LOC111961339	GeneID:111961339	CMP-N-acetylneuraminate-beta-galactosamide-alpha-2,3-sialyltransferase 2	SB50vs100	LOC111961339
chr036842.1	NC_036842.1	78905001	-7.24	-133841	rna8440:gene5340	LOC111962587	GeneID:111962587	leucine-rich repeat-containing protein 4C-like	SB50vs100	LOC111962587
chr036845.1	NC_036845.1	11935001	-5.42	-6009	gene7437	LOC111965085	GeneID:111965085	pseudo	SB50vs100	LOC111965085
chr036846.1	NC_036846.1	23749001	-8.15	-761	rna13014:XP_023846219.1:XP_023846219.1:XP_023846219.1:XP_023846219.1:gene8372	LOC111966006	GeneID:111966006	transmembrane protein 216	SB50vs100	LOC111966006
chr019942801.1	NW_019942801.1	258001	-9.33	-928	rna55798:XP_023993384.1:XP_023993384.1:XP_023993384.1:XP_023993384.1:gene35692	LOC112067727	GeneID:112067727	microtubule-associated protein tau-like	SB50vs100	LOC112067727
chr036851.1	NC_036851.1	24113001	-8.72	13743	rna18919:XP_023852251.1:XP_023852251.1:XP_023852251.1:XP_023852251.1:XP_023852251.1:XP_023852251.1:XP_023852251.1:XP_023852251.1:XP_023852251.1:XP_023852251.1:gene12058	tfeb	GeneID:111970012	transcription factor EB	SB50vs100	tfeb
chr036851.1	NC_036851.1	36277001	-6.93	2329	rna19456:XP_023852743.1:XP_023852743.1:gene12406	LOC111970311	GeneID:111970311	caveolin-2-like	SB50vs100	LOC111970311
chr036860.1	NC_036860.1	49328001	-6.23	3203	rna34766	LOC111982191	GeneID:111982191	U7 small nuclear RNA	SB50vs100	LOC111982191
chr036871.1	NC_036871.1	7026001	-6.17	-26542	rna47047:XP_023833555.1:XP_023833555.1:gene29753	LOC111957062	GeneID:111957062	low-density lipoprotein receptor-related protein 8-like	SB50vs100	LOC111957062
chr019943971.1	NW_019943971.1	5001	-16.18	3825	gene40064	LOC112074509	GeneID:112074509	pseudo	SB50vs100	LOC112074509
